CustomerID,Name,Email,Age,Country
1,Diana Alexander,russellbrittany@gmail.com,56,China
2,Marissa Morales,bmckay@murphy-roberts.com,69,Venezuela
3,Andrea Freeman,tgay@glover-clarke.com,46,Burkina Faso
4,Joseph Garcia,thomascarol@gmail.com,32,Libyan Arab Jamahiriya
5,Luke West,brandondavis@bryan-johnston.org,60,Jersey
6,Stephen Bennett,nicholas09@gmail.com,25,Malaysia
7,Wyatt Sanchez,djohnson@williams-johnson.com,38,Tonga
8,Kenneth Campbell,melissa39@watkins-garcia.com,56,Benin
9,Christopher Simmons,martinezdaniel@hotmail.com,36,Yemen
10,Charles Pitts,gmaxwell@foster.biz,40,Congo
11,Timothy Hamilton,davismelody@miles-hernandez.org,28,Kazakhstan
12,Daniel Morgan,terriking@gmail.com,28,Kenya
13,Michael Henson,caitlingraham@yahoo.com,41,Grenada
14,Stephen Edwards,jeff80@carlson.org,53,Montenegro
15,Pamela Conner,duncanalice@gmail.com,57,Portugal
16,Kelly Hernandez,bryanscott@curry-perez.info,41,Malta
17,Paul Reid,stevenhudson@martin.info,20,Malawi
18,Dr. Jennifer Young,vaughnscott@davies-colon.net,39,Macao
19,Patrick Jones,teresa95@hotmail.com,19,United Arab Emirates
20,Luis Miller,williamprice@yahoo.com,41,Uganda
21,Joshua Cook,williamsbrandon@collins.com,61,Saint Barthelemy
22,Hunter Phillips,joseph00@carney-martinez.com,47,Lesotho
23,Eileen Grant,harrisonryan@gray.biz,55,Saint Helena
24,Joseph Smith,usolis@craig.com,19,Vietnam
25,Austin Soto,zcastillo@yahoo.com,38,Dominica
26,Laura Monroe,jmartinez@austin-hall.biz,50,Ethiopia
27,Walter Garcia,ncook@torres-moore.com,29,Netherlands
28,Lisa Owens,bking@yahoo.com,39,Taiwan
29,Tammy Miller,brent10@hotmail.com,61,Nicaragua
30,Jennifer Leon,fadams@gmail.com,42,Aruba
31,Connie Ferrell,christian35@gmail.com,66,Lesotho
32,Jennifer Shaw,lewismichael@yahoo.com,44,Turkey
33,Christina Cox,wmacdonald@gmail.com,59,Philippines
34,Kelly Davis,jonathon00@cole.com,45,Tokelau
35,Jillian Elliott,davidphillips@sanchez-mccullough.com,33,Lesotho
36,Lance Hicks,vincent69@long.com,32,Colombia
37,Kimberly Love,carpenterscott@johnson-nguyen.com,64,Palestinian Territory
38,Kyle Davis,gavinjohnson@maynard.com,68,Kazakhstan
39,Lori Ramsey,longclayton@bowen.com,61,Bangladesh
40,Jason Powell,obrewer@reyes.com,69,Seychelles
41,Heather Gilmore,ybell@yahoo.com,20,Pakistan
42,Michael Ball,mcintoshrobert@lynch.com,54,Saint Barthelemy
43,Patricia Brown,ebecker@hotmail.com,68,Uruguay
44,Jason Jordan,along@gmail.com,24,Wallis and Futuna
45,David Maldonado,ylittle@reed-rodriguez.com,38,Svalbard & Jan Mayen Islands
46,Tina Wagner,rebeccabarker@mcknight.info,26,Senegal
47,Jake Simpson,wjohnson@gmail.com,56,Togo
48,Cindy Baker,garrettrodriguez@hotmail.com,35,Jersey
49,Brandon Nash,monicaperez@avery.com,21,Saint Martin
50,Tina Kirk,tonya24@yahoo.com,42,Philippines
51,Jennifer Morrow,steven25@erickson-reeves.com,31,Oman
52,Melissa Anderson,kristina63@luna.com,67,Guam
53,James Barker,javier39@phelps.net,26,Puerto Rico
54,Cameron Mclean,danielserica@yahoo.com,43,South Africa
55,Ashley Perez,jamie01@harrison.net,19,Saint Helena
56,Cynthia Hale,vneal@harris.com,37,Martinique
57,Sharon Rose,joannatanner@hayes.info,45,Monaco
58,Rodney Lee,alawrence@gmail.com,64,Australia
59,Sandra Monroe,taylorgarrett@watkins.com,24,Montserrat
60,Philip Miller,sabrina01@davila.biz,61,Madagascar
61,Robert Hogan,stephaniemartinez@hotmail.com,25,Madagascar
62,Harry Price,hillheather@yahoo.com,64,Samoa
63,Shirley Wood,potterlinda@hudson-chapman.biz,52,Niger
64,Jennifer Bailey,luis75@gmail.com,31,Belarus
65,Patricia Rivas,steven32@johnson-gregory.info,34,Guatemala
66,Stephanie Campbell,jesuswiley@gmail.com,53,South Africa
67,Michele Rogers,michaeldavis@gmail.com,67,Montenegro
68,Elizabeth Martin MD,meagan33@wallace-brown.com,57,Qatar
69,Kayla Marshall,allisonreginald@miller-christian.net,21,South Africa
70,Sarah Compton,umiller@archer.com,19,Cayman Islands
71,David Santiago,edgar99@soto.com,23,Finland
72,Tammy Williams,wendy19@gmail.com,59,Albania
73,Daniel Gregory,trogers@hotmail.com,21,Holy See (Vatican City State)
74,Jesus Allen,danny41@cooper-ramirez.com,46,Cayman Islands
75,Samantha Mcdowell DDS,mhunt@hotmail.com,35,American Samoa
76,Christopher Campbell,andrew34@wilson-jimenez.com,43,Latvia
77,Christopher Carpenter,fhunter@hotmail.com,61,Fiji
78,Nicole Payne,sextondavid@gill.com,51,Bouvet Island (Bouvetoya)
79,Brandon Prince,michaelmolina@ramirez.com,27,Moldova
80,Natalie Bray,kimberly48@alvarado.com,53,Afghanistan
81,Christopher Castillo,michaelmonroe@hotmail.com,31,Swaziland
82,Carlos Allen,tbell@saunders-fleming.net,48,Mali
83,Amy Medina,thomaswayne@solis.com,65,Cyprus
84,Jennifer Perez,ngregory@english.com,32,Bouvet Island (Bouvetoya)
85,Dr. Alex Hill,joneslinda@hotmail.com,25,Norway
86,Lauren Garcia,yhendricks@johnson-adams.com,31,Zambia
87,Margaret Khan,pmiller@yahoo.com,40,Pakistan
88,April Hawkins,richardsondaniel@hotmail.com,57,New Zealand
89,Cheryl Adams,ronald79@mathis.com,38,Greece
90,Michael Bowman,ryanjohnson@gmail.com,33,Nepal
91,Chelsea Dominguez,joseph28@hotmail.com,62,Marshall Islands
92,Bruce Hawkins,nsmith@miller-page.com,35,Mongolia
93,Laura Wong,dkrause@lewis-hill.com,64,Guinea-Bissau
94,Julie Fischer,herrerachad@yahoo.com,41,Morocco
95,Christopher Martin,amy88@gmail.com,43,Zambia
96,Christopher Day,whernandez@gmail.com,42,Israel
97,Peter Mejia,gparker@barker.com,62,Montenegro
98,Joshua Woods,aweaver@smith.info,58,Papua New Guinea
99,Stacy Mcpherson,regina75@robinson.biz,46,New Zealand
100,Melody Wyatt,laurasmith@kelly.com,32,Costa Rica
101,Timothy Washington,joseph29@hotmail.com,62,Ghana
102,Maurice Smith,lisa76@merritt.com,18,American Samoa
103,Raymond Drake,owensmark@watson-thompson.com,42,Saint Lucia
104,Joseph Willis,maryharris@yahoo.com,24,Uzbekistan
105,Elizabeth Santana,jacksondeborah@stanton.com,26,Ireland
106,Gregory Fox,rschmidt@gmail.com,41,Norfolk Island
107,Mary Hendrix,hrice@yahoo.com,18,Croatia
108,Ann Walker,aaronballard@gmail.com,61,Mauritius
109,Lisa Mitchell,nritter@myers.com,25,Croatia
110,Angela Mckee,bwarner@gmail.com,41,Eritrea
111,David Miller,nancyjensen@travis.com,28,Antarctica (the territory South of 60 deg S)
112,Kimberly Jenkins,huntersarah@hunt.com,68,Afghanistan
113,Sarah Nichols,todd18@yahoo.com,34,Denmark
114,John Ramos,ramosvicki@hotmail.com,25,Somalia
115,Bryan Ortiz,xbarajas@gmail.com,52,Christmas Island
116,Joshua James,meganscott@walker-byrd.com,52,Malaysia
117,Susan Blankenship,catherinewilcox@ware.com,50,Sierra Leone
118,Michael Martin,lekristie@hotmail.com,22,British Virgin Islands
119,Megan Allen,cochrancynthia@yahoo.com,59,Lithuania
120,Toni Navarro,williammcgee@wiley.net,56,Uzbekistan
121,Ian Johnson,clarkerose@yahoo.com,58,Uganda
122,Mr. Charles Wilson,floresderrick@white-woods.com,45,Iceland
123,Kimberly Parker,brownjennifer@watkins-cruz.com,24,Equatorial Guinea
124,John Howard,janetcabrera@edwards.org,26,Burkina Faso
125,Brandon Guerrero,oking@gmail.com,25,Bouvet Island (Bouvetoya)
126,Andrew Rogers,kenneth16@yahoo.com,29,Paraguay
127,Erika Cook,juan64@patton.biz,51,Haiti
128,Vanessa Gross,john44@gmail.com,50,China
129,Kathleen Smith,markgonzales@vaughn.info,65,Northern Mariana Islands
130,George Norton,andrewramos@hotmail.com,40,Sao Tome and Principe
131,Mary Pugh,cpatton@pennington.info,41,Bhutan
132,April Knapp,jacquelineanderson@moore.org,54,Kazakhstan
133,Angela Torres,mpatterson@johnson.org,52,Saint Pierre and Miquelon
134,Jacob King,bmcintosh@hoover.info,61,Luxembourg
135,Melissa Martinez,daviskenneth@gmail.com,57,Saint Barthelemy
136,Daisy Stuart,paigemitchell@gmail.com,39,Hong Kong
137,Nicole Noble,christinakoch@hotmail.com,44,Belgium
138,Nathan Nash,oharrison@gmail.com,52,Gabon
139,Juan Miller,ljackson@gmail.com,18,Montserrat
140,Emily Chandler,vaughnmichael@jackson.com,52,Anguilla
141,Randy Washington,bhowe@stevens.com,54,Morocco
142,Shane Taylor,icollier@henry.org,64,Thailand
143,Sarah Terry,hlong@hotmail.com,31,Costa Rica
144,James Smith,janderson@norris.biz,20,Tokelau
145,Ashley Miller,michael74@gmail.com,18,Turkmenistan
146,Randy Acevedo,joshuashields@hall.com,22,Svalbard & Jan Mayen Islands
147,Gerald Bowman,leahgreene@hotmail.com,43,Iraq
148,Tiffany Freeman,erin02@morrison.com,31,Chile
149,Jason Wright,ericrobinson@sanchez.com,56,Turkmenistan
150,Jamie Campbell,stephanie73@nunez-perez.biz,44,Ethiopia
151,Tara Lee,spencerjeffery@gmail.com,26,Svalbard & Jan Mayen Islands
152,Denise Morris,uhuynh@mason-carson.com,32,Netherlands Antilles
153,Paul Smith,jessica21@yahoo.com,32,Palestinian Territory
154,Latasha Weeks,walkerkelly@gmail.com,43,Saint Helena
155,Joe Thompson,andreasolomon@arnold.com,59,Niger
156,Cheryl Gordon,carterbonnie@hotmail.com,30,Slovakia (Slovak Republic)
157,Deborah Gomez,rmorrison@gmail.com,68,British Virgin Islands
158,Elizabeth Berry,smithchristian@gmail.com,49,Thailand
159,Charles Vance,zmorgan@hotmail.com,56,New Caledonia
160,Samuel Gibbs,jjones@yahoo.com,66,Finland
161,Mark Melton,antonio52@taylor.biz,69,Lebanon
162,Justin Myers,deniseward@hotmail.com,49,Korea
163,Alan Taylor,gfoster@hotmail.com,21,Germany
164,Janet Oliver,christinachapman@hotmail.com,47,Norway
165,Alicia Lam,christinamcguire@hotmail.com,54,Greenland
166,James Adams,vasquezgerald@castillo-pierce.com,40,Bhutan
167,Kristen Lopez,andrew00@ray.com,56,Iceland
168,Teresa Lowe,angelicafriedman@hotmail.com,62,Australia
169,Dylan Anderson,wheelertyler@yahoo.com,32,Reunion
170,Kathleen Parks,wrightdarin@yahoo.com,60,Indonesia
171,Kimberly Jordan,wilsonlaura@harrington.com,46,Iran
172,Tammy Brady,brandy60@harrison-munoz.com,53,Saint Helena
173,Lynn Pratt,kevinmitchell@yahoo.com,30,Venezuela
174,Kelly Hill,xfleming@hotmail.com,49,Iceland
175,Stephen Patton,joshua51@greene.com,24,Rwanda
176,Tina Smith,angelaherrera@conway-matthews.com,68,Syrian Arab Republic
177,Brenda Campos,hudsonzachary@smith-finley.com,39,Kenya
178,Travis Davis,petergibson@burns-gross.com,45,Grenada
179,Kenneth Shaw,tylerhartman@yahoo.com,19,British Virgin Islands
180,Kelly Walls,julie07@gmail.com,59,Saint Martin
181,Karen Townsend,hfitzpatrick@yahoo.com,62,Spain
182,Elizabeth Craig,collinsdana@hotmail.com,23,Mozambique
183,Bradley Jackson,kdixon@coffey.info,45,Gambia
184,Andre Thompson,matthewcarter@alvarado.org,45,Congo
185,Maria Williams,bcooper@rollins.org,61,Croatia
186,Brenda Hays,jonathan58@keith.biz,61,Netherlands
187,David Hunter,jessica71@yahoo.com,37,Niue
188,Megan Elliott,iwilliams@hotmail.com,47,United States Minor Outlying Islands
189,Gregory Shea,donaldbell@yahoo.com,28,Mayotte
190,Kelly Jones,kanenicole@yahoo.com,45,Puerto Rico
191,Robert Medina,smithjessica@farrell.com,42,Brazil
192,Alec Nelson,nicholas82@yahoo.com,56,Cook Islands
193,Mary Berry,benjamin97@myers.com,50,Martinique
194,Jason Coleman,jefferydouglas@gmail.com,18,Zimbabwe
195,Duane Scott,gwilliams@gmail.com,44,Angola
196,Jessica White,emily78@gordon.com,69,Mali
197,Isabel Mendez,laura13@hotmail.com,30,Bermuda
198,Calvin Barber,rodneyneal@yahoo.com,58,Sri Lanka
199,Audrey Mcgrath,wilsonadrian@wood.com,20,Mexico
200,Pamela Bryant,williamsjulie@sanders-solis.net,56,Bolivia
201,Angel Klein,margaret85@wallace.biz,23,Tajikistan
202,William Johnson,floresjames@yahoo.com,25,Norway
203,Lauren Peters,stevenklein@hotmail.com,44,Lithuania
204,Katrina Boyer,bdaniels@hotmail.com,26,Myanmar
205,Yvette Johnson,ryanbrown@hotmail.com,54,Montserrat
206,Michael Watson,taylorgabriela@gmail.com,50,South Africa
207,Phillip Rodriguez,johnbarrett@yahoo.com,68,Philippines
208,Stephanie Miller,moniquecollins@melendez-compton.info,59,Finland
209,Nathan Smith,richardwilliams@hotmail.com,61,Burkina Faso
210,Rachael Ayers,gilbertbrown@parker.com,41,Paraguay
211,Cathy Jordan,cassandracarlson@burgess-henderson.org,32,Germany
212,Mary Stewart,jasonpreston@lewis.com,49,France
213,Derrick Williams,btucker@gonzalez.com,49,Lebanon
214,Joseph Trujillo,lmathis@yahoo.com,41,Saint Kitts and Nevis
215,Tracy Larson,jeffrey42@yahoo.com,58,Cameroon
216,Joseph Clark,kathy39@faulkner-kim.com,69,Thailand
217,Howard Silva,cbrown@hotmail.com,66,Bangladesh
218,Michele Harper,joseterrell@drake.biz,66,Argentina
219,Richard George,christopher00@lowe.com,69,Pitcairn Islands
220,Sarah Beck,robert79@grant-adkins.com,29,Sweden
221,Brett Scott,rivassusan@gmail.com,56,Belgium
222,Nancy Fisher,tammyphillips@holloway.com,19,Guinea-Bissau
223,Paul Figueroa,taylorjoseph@hotmail.com,20,Isle of Man
224,Christina Gonzalez,ksherman@yahoo.com,66,Netherlands Antilles
225,Mariah Marks,smithmichael@yahoo.com,54,Israel
226,Joseph Ramirez,scollins@lee.com,66,Uganda
227,William Lester,joshuaperry@diaz.info,34,Botswana
228,Bryan Rodriguez,rbonilla@gmail.com,66,Indonesia
229,Cory Garcia,charles47@cameron.com,19,Iceland
230,Robert Compton,monicagarcia@edwards.com,19,Tonga
231,Anne Cooke,colondean@gmail.com,45,Kiribati
232,Ashley Rodriguez,camposerica@gmail.com,40,Puerto Rico
233,Dawn Murray,pramirez@gonzalez.org,54,Turkmenistan
234,Adam Smith,deanjennifer@cruz-peters.com,49,United States Minor Outlying Islands
235,Jesse Carpenter,hodgeslisa@gmail.com,50,Guyana
236,Nathan Deleon,annette03@gmail.com,18,Saint Vincent and the Grenadines
237,Mr. Eric Martin PhD,reedcathy@santos.com,36,Saint Barthelemy
238,Jennifer Harris,fallen@meyer.info,19,Cyprus
239,Kenneth Kidd,sarahsmith@hotmail.com,61,Malaysia
240,Sandra Clark,walkerkyle@gmail.com,43,Greece
241,Christine Romero,devin95@yahoo.com,49,Gibraltar
242,John Spencer,roger61@chan-harris.com,23,Russian Federation
243,Timothy Delacruz,freemanjoanne@williams-johnson.info,49,Rwanda
244,Briana Benitez,aaroncook@roach-mcintosh.com,21,United Arab Emirates
245,Ellen Williams,yolanda22@gmail.com,28,Tajikistan
246,Mary Aguilar,april30@cooper-simon.org,34,Cocos (Keeling) Islands
247,Kevin Fisher,carrie17@yahoo.com,55,Bulgaria
248,Sandra Vazquez,tracy76@gmail.com,41,Seychelles
249,Jason Morgan,qmiller@cervantes.com,22,Korea
250,Natalie Rose,fnelson@hamilton-henry.com,69,Papua New Guinea
251,Roy Grant,maria65@yahoo.com,51,Finland
252,Rodney Ward,brice@montgomery-jennings.info,23,Saint Pierre and Miquelon
253,Jonathan Perez,prodriguez@west.com,39,Gabon
254,Mark Miller,tsullivan@solomon.biz,28,Benin
255,Larry Dennis,dtaylor@yahoo.com,65,Dominica
256,Amanda Massey,efuller@yahoo.com,33,Australia
257,Jenny Wilson,cooperchristine@keller-mcguire.com,50,Sweden
258,Victoria Anderson,amyjohnson@giles-fletcher.com,26,Montserrat
259,Robert Bradley,jefferyross@yahoo.com,23,United Arab Emirates
260,Lisa Thompson,umiller@hess-rice.com,33,Wallis and Futuna
261,Erika Greene,ncarrillo@howard-smith.net,46,Tokelau
262,Cheryl Madden MD,boydcolleen@gmail.com,20,Ethiopia
263,Joseph Simmons,ogray@hotmail.com,37,Bahamas
264,Emily Rice,davisamanda@henderson.com,53,Antarctica (the territory South of 60 deg S)
265,John Miller,ymoody@butler.org,36,Ireland
266,Joy Williams,mrichardson@holloway.com,43,Tuvalu
267,Rick Hall,ruben96@flores.com,20,Wallis and Futuna
268,Traci Vaughn MD,allison67@moore-holloway.com,36,Ukraine
269,Sierra Brooks,mccallbrett@hotmail.com,37,Saudi Arabia
270,Breanna Yates,tammy89@martinez.net,49,Faroe Islands
271,Jessica Wilkerson,breanna93@hotmail.com,24,Mongolia
272,Christina Proctor,fhancock@hotmail.com,69,Mauritius
273,Stacey Fields,cassandramorris@graham.com,58,Cape Verde
274,Shawna Jordan,jeromejames@hotmail.com,50,Czech Republic
275,Frank Livingston,melissa68@becker.com,57,Palestinian Territory
276,Martha Watson,frank63@torres.info,56,Belgium
277,Eric Gonzalez,oburns@krueger.org,35,Singapore
278,Jeffery Mckinney,pattersonmary@cooper.com,57,Luxembourg
279,Sandra Barton,shaun38@gmail.com,18,Italy
280,David Kelly,katherine75@hotmail.com,28,Jordan
281,Johnny Cole,angelanorris@grant-kim.com,45,Denmark
282,Deborah Williams,xblack@reed.com,42,Dominican Republic
283,Destiny Lester,jocelynmiller@yahoo.com,67,Netherlands Antilles
284,April Smith,garciarichard@yahoo.com,40,Netherlands Antilles
285,Anthony Collier,oward@yahoo.com,48,Senegal
286,Stacey Cook,eric40@walker.net,47,Madagascar
287,Nathan Skinner,laurastevens@hotmail.com,59,Latvia
288,Mr. Joel Anderson,kathywalker@yahoo.com,52,United Arab Emirates
289,Donald Burke,jeffrey69@english.com,24,Cote d'Ivoire
290,Jaclyn Rowland,robertbell@scott.com,33,Uganda
291,Michele Smith MD,navarroshaun@jones-williams.info,43,Equatorial Guinea
292,Heather Obrien,christopher81@sullivan.com,65,Switzerland
293,Brittany Cross,royfox@gmail.com,69,Antigua and Barbuda
294,Ariel Chambers,rachelhicks@yahoo.com,66,Morocco
295,Leslie Cameron,vmolina@gmail.com,19,Ghana
296,Sandra Byrd,levybrandon@thompson-singh.com,18,Gambia
297,Brent Hudson,ucain@peterson.org,65,Paraguay
298,Mary Maynard,debra89@vargas.com,29,United States Virgin Islands
299,Dawn Chavez,martinholly@york-fowler.com,22,Tonga
300,Melissa Santiago,michelle81@yahoo.com,54,Dominica
301,Michael Rodriguez,anthony41@hotmail.com,49,Cyprus
302,Michael Taylor,christopher12@yahoo.com,26,Algeria
303,Zachary Spears,loriclark@myers.com,58,Palestinian Territory
304,Jason Aguilar,brandtmichelle@medina.info,52,Hungary
305,Joshua Powers,cynthia23@gmail.com,36,United States of America
306,Brandy Lewis,taramckee@hotmail.com,65,Burkina Faso
307,Craig Sanford,burnskim@rivera.com,33,Luxembourg
308,Michael Shaw,jasonmcdonald@hotmail.com,20,Costa Rica
309,Troy Williams,vjordan@rodriguez-taylor.info,37,Belarus
310,Steven Coleman,scottbryan@jacobs.com,41,Guadeloupe
311,Samantha Strickland,alexis22@johnson.com,50,Antigua and Barbuda
312,Stephen Jenkins,joshuatrevino@wall.info,41,Ireland
313,Susan Dixon,barbara49@carter-thomas.com,69,Eritrea
314,John Patrick,millerphillip@hotmail.com,28,France
315,Cindy Allison,mccoywillie@vasquez.com,66,British Indian Ocean Territory (Chagos Archipelago)
316,Eric Palmer,lawrence49@yahoo.com,25,Guinea
317,John Smith,fbrowning@yahoo.com,53,Saint Vincent and the Grenadines
318,Timothy Pierce,mmiller@yahoo.com,55,Saint Pierre and Miquelon
319,Brittany Riley,davissonya@coleman.com,57,French Southern Territories
320,Amanda White,kimberly59@yahoo.com,37,Liberia
321,Richard Powell,millermargaret@smith-perkins.com,52,Qatar
322,Darrell Valentine,brianclark@ryan.com,65,Qatar
323,Samantha Winters,doughertymary@perry.com,42,Belgium
324,Jeremy George,jefflindsey@roberson.com,52,Albania
325,Brandy Alvarado,tiffany36@hotmail.com,42,Hungary
326,Jimmy Ellis,margaretwilliams@gmail.com,46,Russian Federation
327,Thomas Moreno,michelle40@cunningham-perkins.net,35,Hungary
328,Erin Castillo,whenderson@howard.org,63,Reunion
329,Roberta Williams,nicholasrogers@miller-terrell.info,35,Slovenia
330,Devin Shaw,ryan13@morgan.com,19,Puerto Rico
331,Meagan Jordan,jennifermcconnell@yahoo.com,52,Samoa
332,Tammie Vazquez,jason44@gmail.com,33,Niue
333,David Hall,victoriabrown@castro.com,58,Anguilla
334,Michelle Chavez,john13@yahoo.com,53,Trinidad and Tobago
335,Sherry Hill,erikajones@cline.com,50,Mauritius
336,Jennifer Brown,mariebutler@hotmail.com,21,Japan
337,James Walker,josephmiller@hotmail.com,50,Puerto Rico
338,Kristi Acevedo,hendrickskyle@yahoo.com,31,French Polynesia
339,Taylor Tate,richardlopez@webb-gray.com,38,Latvia
340,Debra Stout,brendamurray@hotmail.com,65,French Polynesia
341,Matthew Thomas,patrick02@moore.info,37,Puerto Rico
342,Brett Harper MD,wigginsmichael@gonzales-mcdaniel.com,25,Albania
343,Pamela Collins,dillonamanda@hotmail.com,24,Saint Martin
344,Kelli Williams,cbutler@phillips.biz,20,Slovenia
345,Keith Hines,qsanchez@gmail.com,34,Mauritius
346,Ryan Savage,jose98@montes.com,50,Slovakia (Slovak Republic)
347,Rachel Farmer,christopher25@yahoo.com,65,Vietnam
348,Margaret Macdonald,jrobinson@yahoo.com,29,United Kingdom
349,Gregory Anderson,crodriguez@hotmail.com,68,Eritrea
350,Michael Hogan,evansdaniel@gmail.com,39,Philippines
351,Tamara Wolfe,kathleenoliver@hotmail.com,39,Samoa
352,Debra Johnson,jrivera@yahoo.com,63,United Kingdom
353,Diana Miller,goodmanfrank@burke.com,47,Myanmar
354,Steven Gill,timothyrobles@yahoo.com,55,Zimbabwe
355,Christina Morgan,stewartmichael@mitchell-grimes.com,55,Azerbaijan
356,Christopher Vazquez,hwilliams@fischer.com,62,Burkina Faso
357,Derrick Hart,yroberson@hotmail.com,68,Reunion
358,Richard Wagner,dmartinez@gmail.com,25,Cape Verde
359,Brian Martinez,lwilson@valenzuela.net,44,Western Sahara
360,Frank Gonzalez,nelsonmaureen@hotmail.com,44,Taiwan
361,Sheryl Gray,david45@perez.com,51,Argentina
362,Mary Hall,judydavis@yahoo.com,38,Lebanon
363,Cynthia Robinson,tranjeffrey@jacobs.com,47,Andorra
364,Bryan Shaffer,leachdylan@gmail.com,50,French Southern Territories
365,Sarah Hernandez,isavage@clark.com,45,Portugal
366,Tammy Anderson,dcastaneda@hudson.org,64,Lebanon
367,Hannah Dalton,zwebb@carter-leon.info,50,Singapore
368,Christopher Miller,kim83@gmail.com,22,Slovenia
369,William Holloway,ycortez@brown.org,65,Ukraine
370,Carolyn Wolf,rbryan@richardson-taylor.com,36,Norfolk Island
371,Jennifer Webb,juanbrown@gmail.com,21,Eritrea
372,Dana Montgomery,linda76@lee.net,52,Slovakia (Slovak Republic)
373,Cassandra Wilkinson,bmartinez@dominguez.com,66,Namibia
374,Rebecca Evans,kentkrista@gray-chavez.com,34,Norway
375,Alexandra Smith,melanieblack@hotmail.com,61,French Southern Territories
376,Morgan Bradley MD,ypruitt@baker-miller.com,45,Slovenia
377,Dale Diaz,dawn59@reeves.biz,47,Namibia
378,Teresa Powers,ashleysmith@gmail.com,46,Namibia
379,Nancy Ramos,nwhite@gmail.com,63,Comoros
380,Lance Thomas,sue92@floyd-daniel.com,23,Fiji
381,Amanda Shepherd,keith05@gmail.com,52,Qatar
382,Audrey Smith,robertfrank@warren.com,58,Chad
383,Cheyenne Davis,lauraschaefer@gmail.com,54,Austria
384,Robert Simpson,thompsoncharles@gmail.com,41,Peru
385,Ronald Mccarthy,qramirez@gutierrez.com,46,Uzbekistan
386,Donna Molina,rlam@hotmail.com,66,Bulgaria
387,Francis Webb,ronald34@hotmail.com,63,Saint Pierre and Miquelon
388,Carla Nelson,liudale@yahoo.com,48,Liechtenstein
389,Cameron Lozano,bjohnston@yahoo.com,52,Trinidad and Tobago
390,Nancy Coleman,latoya01@thompson.com,50,South Georgia and the South Sandwich Islands
391,Aaron Thomas,emilywoodard@gmail.com,69,Suriname
392,Wendy Preston,robertwright@nelson-wilson.com,38,Guyana
393,Ruben Hill,michellejones@yahoo.com,49,South Georgia and the South Sandwich Islands
394,Danny Nicholson,dustin97@sullivan.net,40,Saint Lucia
395,Harry Morton,henry80@king-richard.com,50,Panama
396,Caleb Osborn,campbelljessica@hotmail.com,20,Pakistan
397,Jordan Gonzalez,michellediaz@gonzalez.info,35,Niue
398,Michael Summers,zjohnson@gmail.com,42,Swaziland
399,Vanessa Williams,fkent@kline-anderson.org,59,Lithuania
400,Ryan Taylor,brooksjill@bishop-baker.com,48,United States of America
401,Jason Wilson,stevenhoward@davis-bell.com,20,Tanzania
402,Samantha Thomas,wellsrobert@nelson.info,57,Cambodia
403,Dean West,fcastro@rodriguez.com,63,Yemen
404,Michael Huber,bishoptyler@kelley-collins.com,41,Christmas Island
405,Fred Duke,mitchell80@yahoo.com,67,Greenland
406,Kelly Durham,matthewanthony@gmail.com,49,Portugal
407,Ashley Brown,wendy15@hotmail.com,64,Philippines
408,Heather Warren,langjohnny@nelson-taylor.com,39,Haiti
409,Vanessa Smith,martinezdaniel@wong.com,40,Grenada
410,David Ramos,gregory77@williams.biz,19,Zambia
411,Cynthia Powers,colleenking@yahoo.com,44,Finland
412,Joseph James,dawn69@mooney-perez.com,59,Faroe Islands
413,Steven Kelly,reevesdennis@hotmail.com,19,Japan
414,Michael Hernandez,gschultz@gmail.com,43,Kuwait
415,Richard Shaffer,cshaw@hotmail.com,34,Haiti
416,Susan Miller,lgonzalez@flores-rogers.com,57,Gibraltar
417,Christine Berry,vcarter@hotmail.com,50,Albania
418,Jeffrey Peters,millerchristopher@leblanc-hammond.net,26,Benin
419,David Carter,obrown@ramirez.org,60,British Indian Ocean Territory (Chagos Archipelago)
420,Deanna Jones,stephenbrown@gmail.com,65,Svalbard & Jan Mayen Islands
421,Kurt Mcgrath,joshua37@marshall-gonzalez.com,56,South Africa
422,John Richardson,hernandezbrianna@cook.com,46,Switzerland
423,Natalie Olson,ysmith@simmons-goodwin.com,59,United States Minor Outlying Islands
424,Amy Allison,jamesconrad@dixon-watson.biz,43,Romania
425,Richard Bright,kruiz@hotmail.com,52,Afghanistan
426,Samantha Carroll,elaine31@gmail.com,67,Cook Islands
427,Ronald Young,xferguson@gmail.com,42,Antigua and Barbuda
428,Rachel Freeman,mbrown@hotmail.com,41,Cyprus
429,Sherry Ramos,lisaweaver@yahoo.com,30,Armenia
430,Scott Yates,hgreen@ponce-cooley.org,24,Malaysia
431,Garrett Horton,ayersrobert@harmon-vazquez.org,53,Kuwait
432,Travis Todd,christopherbaker@gmail.com,62,Micronesia
433,Mary Ramos,fernando84@smith-pena.biz,37,Macao
434,Debra Mejia,hailey81@bennett.com,18,Taiwan
435,Anthony Wade,munozjamie@yahoo.com,25,Greenland
436,Jeffery Henderson,jbraun@gmail.com,63,Iran
437,Jeremiah Freeman,woneal@yahoo.com,33,Netherlands
438,Angel Moore,karatorres@cook-martinez.com,31,Mongolia
439,Jesus Olsen,natalie94@fox-johnson.biz,29,Taiwan
440,Carolyn Clark,smiththomas@patel-banks.com,68,Algeria
441,Melissa Michael,donald33@smith.com,40,Somalia
442,Lawrence Trujillo,hgardner@yahoo.com,32,Turks and Caicos Islands
443,John Delacruz,houstonamy@yahoo.com,45,Swaziland
444,Leroy Gardner,imora@yahoo.com,51,Malawi
445,Darius Johnson,amy43@rodriguez-thomas.net,19,Georgia
446,Diane Obrien,davismichelle@cruz-johnston.net,49,Qatar
447,Andrew Landry,phillipsmark@burke.com,40,Lao People's Democratic Republic
448,Tyler Smith,julie72@davis.com,39,Australia
449,Sharon Estes,martinnatasha@gmail.com,68,Somalia
450,Tabitha Rivers,scampbell@yahoo.com,42,Guinea
451,Kristin Fowler,stephenmitchell@prince.com,39,Jamaica
452,Alyssa Davis,tjones@hotmail.com,39,Puerto Rico
453,Amanda Rose,joshuathomas@hotmail.com,66,Lithuania
454,Perry Roach,mckinneystephanie@hotmail.com,69,Holy See (Vatican City State)
455,Kathy Montgomery,laceyrussell@gmail.com,59,British Indian Ocean Territory (Chagos Archipelago)
456,Sara Garcia,lawrencegray@gmail.com,23,Afghanistan
457,Ryan Bass,colinallen@hogan.com,32,Burundi
458,Robert Reyes,anndelgado@yahoo.com,60,Canada
459,Cindy Gomez,uwhite@baker.org,54,Honduras
460,Kurt Wells,melanieholden@stephens.biz,50,Ethiopia
461,Peter Alexander,smithsteven@booth-forbes.net,25,Iraq
462,Ernest Thomas,kristenevans@hotmail.com,61,Austria
463,Robert Dickson,kristin61@morris.com,61,Togo
464,Whitney Coleman,rroberts@hotmail.com,22,Haiti
465,Patrick Scott,kelleypatricia@lowe.info,56,Central African Republic
466,Amy Marshall,lauren06@bauer-randolph.com,21,Saint Lucia
467,Charles Ramirez,kristen43@gmail.com,23,United Kingdom
468,Katelyn White,lori80@gardner.net,62,Malawi
469,Jacqueline Wells,wjackson@baker.info,49,United States of America
470,Lauren Little,lewisjared@yahoo.com,69,Cape Verde
471,Elizabeth Frank,lorettafox@thompson.biz,47,Mexico
472,Jose Robinson,ginawalker@king.com,64,Angola
473,Miss Heidi Williams,mark61@yahoo.com,52,Pitcairn Islands
474,Joshua White,renee03@hotmail.com,57,Kiribati
475,Rose Combs,eandrews@hotmail.com,69,Heard Island and McDonald Islands
476,Cheryl Miller,banksbrandy@gmail.com,33,Panama
477,Larry Fitzpatrick,jamesgarcia@henry-smith.com,30,Grenada
478,Christopher Keller,jacktorres@yahoo.com,67,Yemen
479,Richard Smith,anthony50@hotmail.com,59,Slovakia (Slovak Republic)
480,Dr. Sandy Marshall,matthewhorton@gmail.com,47,Cayman Islands
481,Molly Page,ronaldcampbell@erickson-johnson.org,36,Norfolk Island
482,Kristi Garcia,michaelbrooks@hotmail.com,34,Tajikistan
483,William Wells,dwhite@garrett.com,36,Cuba
484,Scott Shaw,flemingthomas@hotmail.com,45,Albania
485,Nichole Duke,carlosrodriguez@fuller-adkins.com,43,Bulgaria
486,Karen Flores,xevans@hotmail.com,54,Iraq
487,Michelle Gallegos,xgilmore@yahoo.com,43,Gabon
488,Ryan Gill,murraymichael@schaefer-lewis.info,40,Guyana
489,Michael Blair,anagarcia@hawkins-dominguez.org,26,Slovenia
490,Daniel Glover,stacy79@yahoo.com,29,Australia
491,Michael Garcia,ichang@gmail.com,18,Honduras
492,Susan Mckinney,vjohnson@martinez.org,18,Cocos (Keeling) Islands
493,Dr. Jason Dominguez,kennethfitzgerald@anderson.com,64,Congo
494,Sandy Mcdonald,gali@hotmail.com,51,Estonia
495,Adam Kim,fgibson@bullock.com,49,Dominican Republic
496,Tonya Jones,qobrien@gmail.com,65,Comoros
497,Madison Harrington,kellyalan@heath.com,42,Japan
498,Tyler Brown,vdodson@hotmail.com,57,Christmas Island
499,Jonathan Phillips,amanda99@hunt-nelson.com,62,Pakistan
500,Larry Valencia,ronaldortega@dawson.biz,18,United Kingdom
501,Gregory Foley,nancy67@yahoo.com,33,Somalia
502,Paige Rogers,barbarahutchinson@gmail.com,56,Poland
503,Robert Marquez,amanda28@wright-myers.biz,22,Congo
504,Adriana Good MD,murraymark@mckenzie-wells.com,39,Sierra Leone
505,Lisa Hudson,levinebrent@yahoo.com,46,Croatia
506,Elizabeth Chen,tmckinney@brown-bishop.net,20,Colombia
507,Jessica Fowler,tamara20@casey.org,29,Bouvet Island (Bouvetoya)
508,Stacy Jensen,qoconnor@cooper.com,43,United States Virgin Islands
509,Dawn Richardson,tammygonzalez@hotmail.com,33,Tanzania
510,Patricia Keith,harrisonrebecca@miller.org,68,Canada
511,Tiffany Moore,thomasdavid@hotmail.com,54,Afghanistan
512,Michael Huang,rodriguezjeffrey@brown.net,39,Tanzania
513,Dawn Hansen,matthew91@davis-taylor.biz,46,India
514,Richard Anderson,lsmith@gmail.com,31,Australia
515,Jeffrey Nelson,robinsontammy@yahoo.com,45,Djibouti
516,Danielle Johnson,alexanderrodriguez@nelson.com,22,Germany
517,Nicolas Morris,reynoldsdouglas@yahoo.com,64,South Africa
518,Christopher Ross,lunderwood@mcguire-stephenson.com,66,Namibia
519,Robert Grimes,andrewrios@gmail.com,47,Cape Verde
520,Susan Romero,stephaniemullins@hernandez.com,63,Ecuador
521,Jason Price,hsavage@nichols.info,69,Mauritania
522,Rachel Ellis,angela33@hotmail.com,22,Bermuda
523,Ann Parker,brendahayes@gmail.com,29,Wallis and Futuna
524,Brittany Werner,zmichael@brown-garcia.com,33,Heard Island and McDonald Islands
525,Frank Lee,mariadawson@hotmail.com,43,Mongolia
526,Natalie Hanson MD,crossjennifer@hall.com,43,Tonga
527,Melvin Salazar,smithanne@jackson.com,65,Belgium
528,Thomas Wilson,burtonstephen@moon.com,38,British Virgin Islands
529,Donald Berger,coxsandra@williams-brown.info,56,Dominica
530,Jason Burke,gonzalezkatelyn@wolf-cox.com,53,Tonga
531,Megan Bryant,kevin26@boyd.org,50,Christmas Island
532,Jennifer Lowe,darlenetaylor@hotmail.com,47,Bangladesh
533,Eric Rose,alex57@edwards-shannon.com,54,Ukraine
534,Mrs. Connie Case DVM,khall@hotmail.com,40,Yemen
535,Tracy Williamson,donaldhaynes@walker-butler.com,27,French Polynesia
536,James Rodriguez,heather06@williams.biz,22,Puerto Rico
537,Todd Vargas,angelabradley@hotmail.com,53,Peru
538,Roger Werner,scott37@hotmail.com,51,Saint Kitts and Nevis
539,Sandra Oliver,karen51@yahoo.com,69,Malaysia
540,Kimberly Mitchell,qwhite@molina.net,48,Aruba
541,Daniel Hall,amanda36@morris.biz,27,Guam
542,Courtney Castillo,evansdavid@gmail.com,36,Uzbekistan
543,Duane Snow,cowens@gmail.com,49,Pakistan
544,William Moore,oelliott@gmail.com,18,Kazakhstan
545,Jeffery Harper,bjohnson@hotmail.com,22,Tokelau
546,Richard Snyder,justinrussell@yahoo.com,62,Nauru
547,Lisa Cruz,jorgepotter@thompson.info,21,American Samoa
548,Jordan Vaughn,lthompson@hayes.com,33,Indonesia
549,Sara Mckee,donnajohnson@yahoo.com,41,Cambodia
550,Christine Johnson,richard77@yahoo.com,33,Puerto Rico
551,Jeffrey Morrison,cwalters@knight-vaughn.com,19,Paraguay
552,Garrett Reilly,linda38@yahoo.com,66,Eritrea
553,Travis Parker,justin56@hotmail.com,45,Myanmar
554,Sabrina Dorsey,christophersanchez@hotmail.com,49,Portugal
555,Matthew Donaldson,showell@gmail.com,44,Switzerland
556,Connie Chavez,wilcoxmichael@black.net,37,Guyana
557,David Mcdaniel,dhudson@gmail.com,41,Liechtenstein
558,Frank Vance,cmorris@davis-norman.org,29,Tunisia
559,Christopher Moon,kelly34@barnes.com,67,Christmas Island
560,Jeremiah Wood,cisneroswilliam@hotmail.com,52,Ecuador
561,Scott Archer,cheryl25@moody.com,50,Montenegro
562,Kelly Bolton,sullivanalexandra@banks-mccarty.com,50,Netherlands Antilles
563,Brandon Smith,parkspamela@hotmail.com,68,Bulgaria
564,Brianna Lutz,kim08@yahoo.com,60,Equatorial Guinea
565,Charles Howard,matthew12@gmail.com,54,Uruguay
566,Denise Massey,nicolehoward@fuller-rivera.net,29,Zimbabwe
567,Shannon Young,christopher79@villa-jones.com,20,Tunisia
568,Shelly Gibson,fhawkins@walker.com,18,Burkina Faso
569,Denise Tyler,teresablack@yahoo.com,50,Sao Tome and Principe
570,Taylor Miller,wellsscott@gmail.com,57,Moldova
571,Kevin Williams,yperry@george-richardson.info,27,Costa Rica
572,Brian Scott,heather12@hotmail.com,60,Bahrain
573,Laura Brown,keiththompson@dennis.biz,61,United States Minor Outlying Islands
574,Caitlin Smith,lovemary@yahoo.com,46,Georgia
575,Charles Becker,sbrown@gutierrez.com,30,Chile
576,Krista Davis,perezbrett@yahoo.com,29,Niue
577,James Jones,lesliegonzales@yahoo.com,48,Ecuador
578,Shane Bates,jonathan94@hotmail.com,63,Cuba
579,David Barker,robinsonvictoria@yahoo.com,19,Svalbard & Jan Mayen Islands
580,Tiffany Campos,katherineschwartz@gmail.com,68,Montserrat
581,Anthony Khan,hendersonlisa@gmail.com,67,Lesotho
582,Jeff Marshall,maldonadojoseph@robertson.com,52,Norway
583,Mrs. Melanie Houston,alberthampton@hernandez.com,40,Mauritius
584,Robert Bailey,kevinkelly@yahoo.com,34,Jordan
585,Emily Wilson,jonathandavis@hotmail.com,43,Falkland Islands (Malvinas)
586,Melissa Cross,elizabethmoreno@hull.org,25,Cyprus
587,Samantha Hernandez,michael89@james-jackson.biz,46,Samoa
588,Ashley Coleman,brownlisa@yahoo.com,43,Western Sahara
589,Christopher Valencia,grahamnancy@hotmail.com,27,Liechtenstein
590,Jon Macias,keithgordon@gmail.com,43,Tonga
591,William Green,bryan27@lopez.biz,51,Nepal
592,James Cline,jaredestrada@nguyen.com,68,Cote d'Ivoire
593,Christina Kane,madams@gmail.com,58,Malta
594,Mrs. Shannon Gay MD,jasminefritz@garza-mendez.info,24,Palestinian Territory
595,Douglas Martin,weeksrussell@evans.com,21,Gambia
596,Daniel Mcdonald,ujohnson@yahoo.com,67,Singapore
597,Sonya Wilson,garciasusan@yahoo.com,62,Cote d'Ivoire
598,Paula Strickland,peckgabriela@hotmail.com,28,Lithuania
599,Mark Harrison,jsmith@gmail.com,46,Zimbabwe
600,Sarah Powell,wilsonalison@sandoval.com,53,Lithuania
601,Karen Sparks,heberttanya@newton.com,42,Saint Martin
602,Betty Burke,mlee@yahoo.com,38,Mongolia
603,Alexis Callahan,bcruz@hotmail.com,53,Norway
604,Dominique Boone,scott79@leonard-jones.com,27,Belarus
605,Stephen Johnson,martinezkerry@jones.info,54,Malaysia
606,Lisa Davis,hlopez@hotmail.com,26,Portugal
607,Olivia Davis,johnsonpeter@gmail.com,41,Lithuania
608,James Johnson,aaronjacobs@hotmail.com,52,Micronesia
609,Paula Harris,farmerkevin@yahoo.com,66,Greenland
610,Luis Thornton,crush@yahoo.com,52,Armenia
611,Jordan Thomas,kennethchang@gmail.com,65,Montenegro
612,Matthew Duarte,blackanne@lopez.com,53,Armenia
613,James Moore,annettebradley@yahoo.com,35,Uruguay
614,Jacqueline Mosley,david31@yahoo.com,66,Ghana
615,Jeffery Stewart,nelsonbecky@hotmail.com,56,Iraq
616,Cindy Campos,stacy89@meza.com,49,Cape Verde
617,Robert Williams,johnmacdonald@curtis.biz,41,Swaziland
618,Sean Roberts,churchwilliam@lee.com,40,Montserrat
619,John Reilly,tammy43@donaldson-hernandez.com,49,Niger
620,Diane Ellis,alison87@hotmail.com,54,Indonesia
621,Scott Burns,tamigraham@villanueva-salazar.biz,29,Djibouti
622,Alyssa Williams,fchambers@harris.info,66,Vietnam
623,Michele Lopez,jessicahawkins@carlson.com,30,Pitcairn Islands
624,Tiffany Anderson,denniscabrera@frazier.biz,40,China
625,Alexander Matthews,zspencer@jimenez.info,42,Haiti
626,John Baxter,bethany99@edwards.net,52,Mauritius
627,Barbara Luna,mooreandrew@clark.com,58,Cyprus
628,Nicholas Turner,heather27@bennett.biz,47,New Zealand
629,Jordan Gonzalez,beththomas@gmail.com,34,Malta
630,Julie Johnson,longrobert@gmail.com,66,Indonesia
631,Anthony Montgomery,jenniferlogan@hotmail.com,37,Netherlands Antilles
632,Robert Reyes,james67@gmail.com,65,Slovenia
633,Kelly Steele,jon98@hotmail.com,42,Bahrain
634,Maria Briggs,bradydaniel@yahoo.com,39,Zimbabwe
635,Wendy Richards,wilsonandrew@yahoo.com,30,Pitcairn Islands
636,Patrick Burton,angela31@sims.com,36,Guinea
637,Barbara Martin,loriramirez@benson-solomon.biz,66,Taiwan
638,Sandra Mcdaniel,bcohen@shepherd.com,53,Vanuatu
639,Darlene Coleman,garciajenna@gmail.com,29,Norway
640,Katie Washington,yanglori@jenkins-young.org,58,Kyrgyz Republic
641,Joel Duncan,kristinbrown@gmail.com,36,Rwanda
642,Barry Wiggins,tammy30@yahoo.com,29,Greenland
643,Robert Jackson DVM,wilkinsonvictoria@yahoo.com,26,Ethiopia
644,Tonya Olsen,carrillomichelle@young.com,24,Palestinian Territory
645,Linda Adams,schwartzdeborah@yahoo.com,45,Egypt
646,Dawn Bolton,wruiz@yahoo.com,31,Bolivia
647,Kevin Rodriguez,omcdowell@hotmail.com,48,Greece
648,Thomas Frederick,flemingrachel@hotmail.com,69,British Indian Ocean Territory (Chagos Archipelago)
649,Dr. Jeffery Anderson,selenamarshall@hotmail.com,36,Congo
650,Michael Mcclure,hornrobert@berry-obrien.net,64,British Virgin Islands
651,Shannon Heath,christophergonzalez@gmail.com,33,Bosnia and Herzegovina
652,Scott Russell,joshua51@yahoo.com,22,Grenada
653,Lori Warner,robertwalter@hotmail.com,52,Cayman Islands
654,Rebecca Johnson,heather27@hotmail.com,29,Dominica
655,Brenda Jordan,joseph46@nichols-davis.com,42,Italy
656,Terry Warner,margaretcole@yahoo.com,69,Haiti
657,Jimmy Garcia,petersgregory@yahoo.com,38,Libyan Arab Jamahiriya
658,Alexa Mata,allenpamela@gmail.com,53,United States Virgin Islands
659,Brian Hurst,bryanryan@hotmail.com,40,Guyana
660,Matthew Benjamin,travislee@lewis.org,33,Uruguay
661,Amanda Hahn,sarah69@davis.com,56,Morocco
662,Allison Ramos,penajulia@villa.com,62,Norfolk Island
663,Daniel Gonzalez,osellers@yahoo.com,59,Pitcairn Islands
664,Marcus Montes,morgan70@joseph.org,56,Ecuador
665,Kyle Robinson,justin82@hotmail.com,31,Kyrgyz Republic
666,Dillon Reyes,shelbychan@mullen.org,48,Iraq
667,Tiffany Brandt,jeremycruz@hotmail.com,22,Saint Pierre and Miquelon
668,Stephanie Tyler,graybrian@brown-briggs.biz,52,Uganda
669,Ashley Cox,nelsonashley@martin-rogers.com,40,Togo
670,Casey Weber,rebecca52@duncan.com,46,Switzerland
671,Justin Morgan,bweber@yahoo.com,60,Cyprus
672,Max Hinton,ashley72@allen.info,28,United States Virgin Islands
673,Steven Powell,brian53@summers.com,35,Guinea
674,Nicole Farley,gouldjohn@gmail.com,64,Angola
675,Tiffany Hernandez,davidthomas@walker.com,29,Paraguay
676,Heather Horton,katherinesantos@hotmail.com,26,Nepal
677,Ricardo Martinez,blairtimothy@hotmail.com,27,Pakistan
678,Christopher Pope,gwood@yahoo.com,61,Trinidad and Tobago
679,Lisa Gutierrez,johnsontammy@knight-martin.com,34,Samoa
680,Mrs. Emily Mitchell,chapmanemily@gmail.com,55,Niger
681,Jeremy Brock,staceythompson@herrera-murray.com,24,Canada
682,Stacy Coleman,annasmith@yahoo.com,63,Germany
683,Carlos Hodges,harristhomas@gmail.com,30,Tokelau
684,Luke Wade,mmiranda@gmail.com,57,Romania
685,Christopher Walsh DDS,corey32@gmail.com,59,Romania
686,Rachael Walter,stevenlee@brown.com,26,Tonga
687,Judith Mcneil,brittanysavage@gmail.com,67,French Southern Territories
688,Bruce White,clarkjessica@holmes.org,44,Uzbekistan
689,Lauren Wall,madeline16@gmail.com,19,Tanzania
690,Christina Saunders,ysherman@hotmail.com,22,Comoros
691,Joe Blair,kimberlycarter@gmail.com,46,Luxembourg
692,Sarah Jones,angel18@hotmail.com,54,Solomon Islands
693,Dr. Mary Harrell,yalexander@cunningham.info,55,Honduras
694,Jennifer Powell,jacobkramer@yahoo.com,36,Guam
695,Kenneth Wilson,kayla66@bishop.com,25,Oman
696,Laura Lucero,kstewart@gmail.com,65,Cote d'Ivoire
697,Gina Walker,monicahendricks@gmail.com,62,British Indian Ocean Territory (Chagos Archipelago)
698,Diane Gonzalez,angelamartinez@hotmail.com,18,Uzbekistan
699,Tiffany Murillo,nbutler@scott.com,39,Iceland
700,Courtney English,ibarnett@johnson-diaz.net,69,Russian Federation
701,Brianna Cox,daniel35@yahoo.com,34,Eritrea
702,Adam Keller,martinezsarah@yahoo.com,24,United States Minor Outlying Islands
703,Todd Moore,wcoleman@hotmail.com,42,Reunion
704,Jennifer Cortez,brownheather@hotmail.com,62,Belgium
705,Rachael Whitehead,shortisaac@reyes-obrien.org,21,Romania
706,Jordan Gomez,churchryan@gmail.com,53,Grenada
707,Kimberly Arias,williamsrichard@brown.com,23,Kuwait
708,Jacob Jenkins,wtorres@owen.info,48,Yemen
709,Jason Smith,jeffreypreston@hotmail.com,36,Venezuela
710,Jennifer Kelley,melissa15@morgan.com,61,Guyana
711,Carmen Mcneil,christopherandrews@chan.com,56,American Samoa
712,Robert Mooney,tpark@watts.com,44,Mayotte
713,Kent Patterson,joannbruce@flores.org,27,Lao People's Democratic Republic
714,Michael Brown,qle@haley.com,43,Poland
715,Lauren Williams,juansmith@hotmail.com,36,Netherlands
716,Steven Pratt,vwright@jones.info,56,South Georgia and the South Sandwich Islands
717,Kristi Watkins,jeremy21@hotmail.com,20,Cote d'Ivoire
718,Emily Armstrong,xthomas@yahoo.com,62,Svalbard & Jan Mayen Islands
719,Katelyn Smith,christinemorgan@price.com,30,Oman
720,Sarah Jensen,danielmorales@arnold-cain.com,67,Jamaica
721,Dennis Decker,grossbrian@francis-pitts.biz,45,Saint Martin
722,Kathy Martinez,kelleydenise@stevenson.com,37,Liechtenstein
723,Aaron Hayes,blacklucas@hotmail.com,45,Bolivia
724,Whitney Singleton,mckenzietyler@gmail.com,25,Algeria
725,Nicholas Garcia,reginaldmoreno@roth-ramsey.com,58,Pitcairn Islands
726,Mary Warren,davidmorris@hotmail.com,56,Bahamas
727,Kayla Rogers,dakota65@hotmail.com,18,Cape Verde
728,Toni Mendez,aholmes@manning.org,20,Portugal
729,Pamela Becker,hooverroger@gmail.com,30,Congo
730,Sherry Willis,codychase@hotmail.com,45,Sudan
731,Kelly Vega,tinalee@kelly.com,66,Nigeria
732,Bridget Chapman,bradleyberry@cooper-smith.biz,42,Qatar
733,Victor Ramirez,ashleygreen@yahoo.com,50,Namibia
734,Heather Middleton,herreraelizabeth@gmail.com,55,Togo
735,Nicole White,leerobert@gmail.com,23,Cayman Islands
736,David Vaughn,mgarner@yahoo.com,61,Greenland
737,Danielle Thomas,kristin98@santiago-walker.info,62,Mayotte
738,Chelsey Wilson,christopherharris@hotmail.com,49,Tanzania
739,David Wilson,tracimills@mullins.com,62,Myanmar
740,Nicholas Ross,megan94@yahoo.com,64,Antigua and Barbuda
741,Mr. Shawn Brown DVM,ramirezdaniel@hotmail.com,38,Svalbard & Jan Mayen Islands
742,Daniel Elliott,amanda78@yahoo.com,33,Congo
743,Mr. Tony Barton,xbender@yahoo.com,38,Northern Mariana Islands
744,Robert King,brightandrew@gmail.com,28,Togo
745,Christine Foley,fcohen@lowery.biz,54,Italy
746,Chris Walter,wilkinsonkathy@gmail.com,53,Ireland
747,Gina Harris,amyhernandez@skinner-taylor.org,52,Ukraine
748,Darren Vasquez,crussell@jackson-wood.com,36,Tonga
749,Jacqueline Johnson,ochandler@hayes.info,37,Maldives
750,Christopher Meyer,patricksnyder@nelson-smith.info,35,Senegal
751,Amy Patel,raymond60@gmail.com,64,Guatemala
752,Jerry Vazquez,iford@garcia.biz,58,Croatia
753,Randall Miller,geoffreynichols@hill-shaw.com,66,Guam
754,Thomas Young,nancy72@hotmail.com,31,British Indian Ocean Territory (Chagos Archipelago)
755,Daniel Kelley,simsbryan@rogers.com,32,Somalia
756,Sean Miller,yangsarah@leon.com,48,Tanzania
757,Haley Mcdaniel,priceandrea@bradley-morris.com,18,Azerbaijan
758,William Haas,steven12@gmail.com,20,Uruguay
759,Rebecca Rogers,shannonbowers@yahoo.com,33,Guernsey
760,Richard Williams,bbeard@hotmail.com,40,Monaco
761,Connie Meza,reginald73@gmail.com,28,Dominica
762,Lindsay Powell,eyoung@parker-gomez.net,29,Georgia
763,Terri Blevins,adaniel@hotmail.com,27,Samoa
764,Dr. Tammy Miller,amberbenson@gmail.com,49,Tanzania
765,Tammy Washington,andreabray@terry-carlson.com,33,Saint Helena
766,Kevin Miller,davilaheather@hotmail.com,25,Mali
767,Jordan Patton,carsoncory@yahoo.com,55,Algeria
768,Michael Gibson MD,karenward@fox-townsend.info,29,Somalia
769,Brian Mitchell,emilythompson@wyatt-andersen.com,41,Jamaica
770,Marissa Knapp,kiddgerald@downs-hobbs.info,45,Mayotte
771,Derrick Bowen,seanhorn@gmail.com,25,Djibouti
772,Jeremy Contreras,dquinn@thompson.net,45,Lao People's Democratic Republic
773,Debra Gomez,zthompson@ramos.com,53,Benin
774,Steven Robinson,ssmith@gmail.com,43,Lithuania
775,Cody Thompson,ricky23@hotmail.com,25,Greece
776,Alicia Stanley,boyercaleb@gmail.com,67,New Zealand
777,Stephanie Cline,smithhenry@yahoo.com,45,Latvia
778,Kristen Berg,leekeith@lewis.org,45,Bermuda
779,Brandon Cherry,meagan05@taylor.info,54,Panama
780,Steven Thomas,hcastillo@yahoo.com,58,Turks and Caicos Islands
781,David Berry,stephaniepitts@rodriguez-mayo.net,53,Moldova
782,Sara Burgess,brianzimmerman@hotmail.com,44,Kenya
783,Jeremy Knight,patricia74@williams.com,34,Cuba
784,Keith Burns,robertmartinez@osborn.com,26,Maldives
785,Seth Yates,nicole85@hotmail.com,50,Northern Mariana Islands
786,Nancy Green,cwilcox@yahoo.com,37,Indonesia
787,Michael Pearson,karenchandler@gonzalez.org,30,Greenland
788,Michael James,thomas75@hernandez.net,45,Guyana
789,Linda Jimenez,denise72@goodwin.com,65,Sao Tome and Principe
790,Alan Rodriguez,lyu@hotmail.com,46,Saint Vincent and the Grenadines
791,Christopher Myers,gowen@gmail.com,30,Honduras
792,Ian Gentry,johnsonrobert@yahoo.com,63,Belize
793,Lori Taylor,nmiller@yahoo.com,52,Niger
794,Eric Parrish,qshaw@hotmail.com,23,Kiribati
795,Corey Gordon,christophermiller@gmail.com,35,Canada
796,Brent Hodges,awarren@gmail.com,68,Guadeloupe
797,Jeffrey Lawson,alicia15@hotmail.com,22,Bahrain
798,Aaron Knight,hallbrian@hotmail.com,64,Saint Martin
799,Sherri Bates,wstephens@hotmail.com,42,Romania
800,Melissa Roberts,jodigutierrez@martin.com,19,Sudan
801,Barbara Henry,ubarrett@hotmail.com,27,Saudi Arabia
802,Christine Liu,davisanne@gmail.com,47,United States Minor Outlying Islands
803,Jamie Rivera,andrewwilliams@yahoo.com,67,Heard Island and McDonald Islands
804,Brian Byrd,eric59@gmail.com,62,Qatar
805,Laura Sawyer,myerskendra@reyes.org,22,Fiji
806,Mark Gomez,eddie71@watkins-hall.com,50,Nigeria
807,Sandra Lawrence,wrussell@french.com,18,Congo
808,Lauren Huerta,rmaxwell@gmail.com,35,Ethiopia
809,Laura Perez,spierce@yoder.org,49,Bulgaria
810,Katherine Washington,ballpamela@franklin-kelly.org,64,Bahrain
811,Charles Beard,matthewchambers@parrish.com,66,Netherlands
812,Karen Hill,porterstephen@yahoo.com,28,Guinea
813,Kayla Li,tcosta@russell.biz,38,Nepal
814,Jessica Duffy,hprice@hotmail.com,43,Lithuania
815,Patrick Williams,hernandezanita@sexton-murphy.com,42,Guatemala
816,Robert Martin,chelsea22@robinson-barajas.com,39,Vanuatu
817,Christian Jensen,timothydunn@burns.com,44,Senegal
818,Stephen Carter,juarezsarah@moore-hood.com,66,Antarctica (the territory South of 60 deg S)
819,Trevor Davis DDS,kimtimothy@gmail.com,30,Kiribati
820,Pamela Hood,pphillips@lawrence-stark.com,50,Somalia
821,Ronald Johnson,bjacobs@gmail.com,51,Mauritania
822,Tina Warren,erin63@murphy.com,58,Indonesia
823,Natalie Roberson,kcrawford@gmail.com,52,Saint Helena
824,David Collins,david14@sandoval.com,18,Brunei Darussalam
825,Michael Lewis,robbinsedward@gmail.com,38,Rwanda
826,Stephanie Ali,rjensen@watson-williams.org,65,Cayman Islands
827,Ricky Barnett Jr.,anthony44@yahoo.com,23,Jersey
828,Toni Zuniga,nicoledean@booker-nunez.info,45,Liberia
829,Michael Herrera,hollystanley@ramirez.biz,34,Singapore
830,Joshua Black,fredmartinez@watson.net,22,Macao
831,John Arias,wardemily@hotmail.com,48,Angola
832,Brian Dixon,onolan@smith.com,22,Netherlands Antilles
833,Shannon Thompson,prestongeorge@smith-jackson.info,55,Andorra
834,Emily Gilbert,brandyreyes@hotmail.com,20,French Southern Territories
835,Andrea Ellis,robert77@yahoo.com,40,Liberia
836,Sandra Harrington,etaylor@cunningham.com,54,United States of America
837,Kara Thompson,juliajohnson@gmail.com,54,Mexico
838,Cynthia Castro,alexanderphelps@pineda.com,27,Botswana
839,Lance Cummings,tonya41@yahoo.com,27,Slovenia
840,Angela Livingston,joshuacervantes@carr.com,36,Chile
841,Henry Hodges,mckenziebrooks@gmail.com,34,Panama
842,Daniel Ellis,powerscatherine@gmail.com,38,Isle of Man
843,Amber James,brianhuber@palmer.com,31,Singapore
844,Erin Bowers,philiprodriguez@hotmail.com,26,Cape Verde
845,Alan Lawrence,stephanie60@smith-mckay.com,63,New Caledonia
846,Ronald Clark,edwardturner@yahoo.com,18,Belgium
847,Adam Lee,karenward@duran.com,68,Mexico
848,Joseph Molina,bfernandez@hotmail.com,62,Georgia
849,Deborah Taylor,fhart@bell.com,30,Tanzania
850,Paul Jackson,zachary24@yahoo.com,21,Kyrgyz Republic
851,Samantha Maynard,ymiller@hotmail.com,18,France
852,Jesse Johnson,moranalison@robbins.info,66,Northern Mariana Islands
853,Linda Villa,pshepherd@gmail.com,57,Palestinian Territory
854,James Mosley,victor22@henderson.com,49,Kyrgyz Republic
855,Caitlin Black,prhodes@yahoo.com,51,Portugal
856,Christina Jacobs,jennifer88@yahoo.com,45,Isle of Man
857,Jordan Grant,mcneilamy@reid.com,48,Cayman Islands
858,Mr. Sean Wu,emilyduncan@gmail.com,25,Lao People's Democratic Republic
859,Susan Chapman,danny69@yahoo.com,56,Tunisia
860,Stephanie Dunlap,katiebryan@becker.com,43,New Zealand
861,Mark Scott,justinwade@pruitt-bell.biz,51,Tunisia
862,Mark Yates,apark@simmons.com,20,Saint Vincent and the Grenadines
863,Mark Ball,greenefelicia@gmail.com,67,Serbia
864,Jennifer Kelly,rachel67@hotmail.com,29,Uganda
865,Allen Ryan,krista15@howard.org,18,Slovakia (Slovak Republic)
866,Jonathan Valdez,kellerkenneth@yahoo.com,61,Guadeloupe
867,Ronald Fleming,dnorman@landry.com,22,Eritrea
868,Joanne Hall DDS,gwhite@hotmail.com,47,Ecuador
869,Rachel Caldwell,brettmartin@jones.info,47,Mauritius
870,Ashley Lindsey,edwardskevin@luna-torres.net,34,Wallis and Futuna
871,Cody Smith,christopherscott@wilson-lee.com,65,Nicaragua
872,Brittany Smith,william34@gmail.com,64,Timor-Leste
873,Angela Ball,mezaanthony@weber.com,40,Turks and Caicos Islands
874,Christopher Porter,hilllisa@gmail.com,32,China
875,Michael Park,christine61@ortiz.com,54,British Indian Ocean Territory (Chagos Archipelago)
876,Jeffrey Williams,caitlin96@tran-ford.org,38,Saint Barthelemy
877,Dr. Larry Ruiz MD,jklein@yahoo.com,31,Luxembourg
878,Isaiah Phillips,langsharon@west.com,19,Georgia
879,Daniel Garrett,ramseystacy@cochran-flores.com,28,Botswana
880,Lisa Harrison,charles38@sanders.com,68,Portugal
881,Tiffany Coleman,ajacobs@pruitt.biz,56,San Marino
882,Brian Glenn,hmccoy@hotmail.com,55,Singapore
883,Jordan Davies,zcampbell@glover-monroe.info,51,Albania
884,Lawrence Henson,ltorres@yahoo.com,55,Equatorial Guinea
885,Steven Taylor,melissa29@hotmail.com,67,Spain
886,Ryan Callahan,hannah24@morse.net,51,Oman
887,Brenda Atkinson,wigginsamy@ramos-allen.com,35,Maldives
888,Andrew Cruz,zrogers@yahoo.com,47,Gambia
889,Clinton Miller,ashleyolson@gmail.com,32,Somalia
890,Sabrina Lewis,evanspeter@barber-torres.biz,44,Taiwan
891,Anthony Travis,owise@rios.com,68,Djibouti
892,William Watkins,nicholskelly@casey.info,51,Belarus
893,Samuel Curtis,johnsutton@gmail.com,69,Pitcairn Islands
894,Charles Robinson,williamcannon@perez.com,55,Cuba
895,Michael Leonard,gina81@gmail.com,50,Paraguay
896,Joseph Mcdaniel,lindareed@morris.com,41,India
897,Courtney Maxwell,meadowskaitlyn@gmail.com,32,Latvia
898,David Rogers,marshallstephen@gonzalez.info,47,Madagascar
899,Laura Ramirez,stephenslinda@brown-pham.com,59,Ukraine
900,Erica Erickson,davisbarbara@hotmail.com,68,Bahamas
901,Angela Fisher,ronaldfarley@butler-chavez.org,34,Grenada
902,Jennifer Blanchard,pateljulie@yahoo.com,22,Pakistan
903,William Potter,joneselizabeth@williams.net,46,Svalbard & Jan Mayen Islands
904,Michael Yoder,jason35@yahoo.com,21,Suriname
905,Christine Turner,ramirezstacey@cook.biz,27,Bouvet Island (Bouvetoya)
906,Margaret Butler,parkeralfred@gmail.com,34,Malaysia
907,Joseph Nichols Jr.,lauraskinner@yahoo.com,27,Cambodia
908,Jesse Dominguez,jweaver@hotmail.com,34,Nepal
909,Katherine Moreno,jessicamartinez@gmail.com,37,Slovenia
910,Robert Lynch,deleondominique@gmail.com,41,Singapore
911,William Martinez,briancortez@walton.com,22,Reunion
912,Austin Nelson,emarks@mcfarland-johnson.com,51,Kyrgyz Republic
913,Stacey Moody,juliesmith@conner.com,23,Seychelles
914,Steven Villarreal,timothy56@hotmail.com,19,Bahamas
915,Joshua Moreno,sharris@white.com,30,Serbia
916,Adam Hanson,moyerryan@martinez.info,60,Tonga
917,Rhonda Hart,lisa50@yahoo.com,60,Nauru
918,Thomas Jarvis,whitneykemp@kramer.com,65,Mali
919,Charlotte Hamilton,brian92@mcclain.org,28,Hong Kong
920,Joshua Williams,ostout@yahoo.com,68,Spain
921,Dawn Barrera,westsharon@evans.com,64,Algeria
922,Micheal Gonzales,whitneystewart@yahoo.com,40,Wallis and Futuna
923,Matthew Atkins,pcarroll@mcgee.com,33,Isle of Man
924,Mrs. Angelica Ramirez,alinicole@luna.com,48,Saint Lucia
925,Christopher Graham,youngjeffrey@pollard-fletcher.com,28,Chile
926,Timothy Roberts,michaelowens@gmail.com,33,Colombia
927,Patrick Pineda,carrie96@powell.net,25,Sao Tome and Principe
928,Amber Walker,smithcheryl@hartman.org,21,Burundi
929,Beth Harris,lawrence37@yahoo.com,57,Denmark
930,Carol Watts,bcamacho@taylor-carrillo.org,21,Central African Republic
931,William Smith,millerjacob@hall.com,42,Ireland
932,David Carney,gutierrezgeorge@yahoo.com,20,Malaysia
933,Leonard Davila,abigail57@gmail.com,49,Korea
934,Eric Holland,laurensalazar@rodriguez.com,20,Botswana
935,Darin Wilson,ramosandrew@hotmail.com,44,Bhutan
936,Jordan Bentley,kanecharles@paul.com,46,Sierra Leone
937,Mr. Thomas Larson,ugreene@berry.com,49,Bulgaria
938,Emily Harris,kristen94@bullock-powell.info,67,Cayman Islands
939,Tiffany Hull,beckjonathan@yahoo.com,68,Malawi
940,Courtney Bailey,sharon35@ferguson-roberts.biz,36,Chad
941,Juan Skinner,kellyweaver@parks.net,38,Pakistan
942,John Webster,laura10@yahoo.com,22,Georgia
943,John Villa,jessicafuentes@yahoo.com,35,Saint Lucia
944,Caitlin Richards,jessica81@yahoo.com,45,Norway
945,Thomas Buchanan,dickersontanya@wallace.com,59,Montserrat
946,Amy Morris,qwillis@hurley.com,39,Bhutan
947,Rhonda Burton,jeffrey64@yahoo.com,38,Azerbaijan
948,Tina Mitchell,shawn85@yahoo.com,23,Slovakia (Slovak Republic)
949,Beverly Foster,jamesjones@hotmail.com,18,Iraq
950,Matthew Tucker,ncarpenter@gmail.com,22,United Arab Emirates
951,Stephen Jones,hansendevin@edwards-ellis.com,58,Malawi
952,Mr. Cody Logan,kparrish@newton-huff.com,29,Faroe Islands
953,Joseph Meadows,charles46@gmail.com,43,Bosnia and Herzegovina
954,Joseph Richardson,michaelhaley@walters.biz,63,Azerbaijan
955,James Young,kyleconrad@gilbert-hall.com,51,Hungary
956,Kelli Molina,isaiahsilva@yahoo.com,66,Liberia
957,Catherine Richardson,zachary31@gmail.com,31,Wallis and Futuna
958,Reginald Davis,stokesgregory@clay-miranda.biz,43,Ghana
959,Michael Garner,matthewtaylor@hotmail.com,62,Canada
960,Lisa Hill,lmiller@hotmail.com,44,Jamaica
961,Kimberly Johnson,gramirez@butler-gonzales.com,26,Western Sahara
962,Matthew Ibarra,steve36@hotmail.com,43,Albania
963,Linda Manning,xholden@stephens.com,64,Guatemala
964,Debbie Jefferson,vargasheather@yahoo.com,39,Montserrat
965,Katelyn Calhoun,mcintoshwilliam@yahoo.com,64,Philippines
966,David Wheeler,hellison@gmail.com,47,Mauritania
967,Steven Price,merceralyssa@hotmail.com,60,Niue
968,Jeremy Perkins,johntaylor@grant-burgess.biz,65,Liberia
969,Sharon Mcfarland,michelemeadows@gmail.com,34,Guam
970,Andrea Rodgers,amysanchez@larson.info,43,Zambia
971,Kristina Harris,ahines@lam.com,53,Philippines
972,Abigail Mendez,kylenelson@moody.biz,18,El Salvador
973,Joseph Hicks,joseph07@hughes.com,25,Lebanon
974,David Watson,alex08@gmail.com,66,Bangladesh
975,Tyler Watkins,dudleyjames@hotmail.com,52,Cameroon
976,Debra Olson,mathisamy@gmail.com,69,Poland
977,Greg Matthews,kevinclark@gmail.com,32,Bulgaria
978,Alejandro Taylor,rgomez@hotmail.com,64,Puerto Rico
979,Cheryl Perez,alexander66@walker.com,39,Congo
980,Mary Baker,thomasfreeman@yahoo.com,31,Myanmar
981,Patrick Sanders,ricechristina@kramer.org,43,Ethiopia
982,Daniel Hughes,ataylor@yahoo.com,45,Madagascar
983,Joe Ruiz,cassandra22@hotmail.com,40,Slovakia (Slovak Republic)
984,Jeremy Sharp,mcconnellfranklin@howell.com,31,Greece
985,Carl Fletcher,iwilson@rodriguez.com,41,Nicaragua
986,Scott Rivera,meganwright@gmail.com,19,Brazil
987,Gabrielle Smith,dmoore@hill-hughes.net,62,Samoa
988,Douglas Hobbs,williamsonwilliam@gmail.com,43,Svalbard & Jan Mayen Islands
989,Brian Allen,davidsmith@baker-zhang.com,31,China
990,Darrell Frederick,mariacrawford@russell.com,68,British Indian Ocean Territory (Chagos Archipelago)
991,Brandi Thomas,kaitlyn54@ferguson.info,24,Grenada
992,Eileen Matthews,jeff13@walters.org,20,Taiwan
993,Kelly Mitchell,ayoung@hotmail.com,64,Lithuania
994,Kenneth Hughes,bethharris@ford.biz,40,Bahamas
995,Kendra Price,geraldthomas@pace-saunders.com,63,Grenada
996,Mr. Jacob Harris,hboyd@hotmail.com,60,Gibraltar
997,Shannon West,scottmichael@gmail.com,64,United Kingdom
998,Cathy Buckley,oliviawest@allen-myers.com,62,Serbia
999,Jason Blevins,pdean@butler.info,35,Liechtenstein
1000,Lisa Pena,urichardson@hutchinson.com,55,Martinique
