OrderDetailID,OrderID,ProductID,Quantity,SubTotal
1,604,207,7,88.76
2,959,780,4,88.76
3,280,296,5,88.76
4,637,118,6,88.76
5,483,532,5,88.76
6,909,222,1,88.76
7,111,166,9,88.76
8,866,643,2,88.76
9,139,156,9,88.76
10,996,184,2,88.76
11,435,90,9,88.76
12,509,94,6,88.76
13,273,13,9,88.76
14,99,973,6,88.76
15,764,834,6,88.76
16,850,805,2,88.76
17,104,945,8,88.76
18,214,742,3,88.76
19,761,834,7,88.76
20,664,804,5,88.76
21,762,438,3,88.76
22,787,538,1,88.76
23,165,587,8,88.76
24,999,968,3,88.76
25,853,876,2,88.76
26,520,936,1,88.76
27,284,811,4,88.76
28,517,150,8,88.76
29,657,660,3,88.76
30,613,8,1,88.76
31,164,29,4,88.76
32,886,296,9,88.76
33,659,986,1,88.76
34,64,926,2,88.76
35,91,721,9,88.76
36,117,640,2,88.76
37,866,340,3,88.76
38,267,628,7,88.76
39,822,439,3,88.76
40,685,144,9,88.76
41,559,942,6,88.76
42,140,830,3,88.76
43,246,747,9,88.76
44,661,519,1,88.76
45,758,976,3,88.76
46,395,45,1,88.76
47,487,955,2,88.76
48,476,239,8,88.76
49,517,952,7,88.76
50,977,944,2,88.76
51,184,155,2,88.76
52,20,181,9,88.76
53,937,215,6,88.76
54,558,88,5,88.76
55,524,256,6,88.76
56,582,511,9,88.76
57,529,73,7,88.76
58,883,931,9,88.76
59,147,179,4,88.76
60,666,212,2,88.76
61,304,805,8,88.76
62,620,234,4,88.76
63,748,465,9,88.76
64,820,751,4,88.76
65,864,223,8,88.76
66,582,631,9,88.76
67,695,825,9,88.76
68,762,264,4,88.76
69,228,207,1,88.76
70,102,607,3,88.76
71,587,885,9,88.76
72,417,734,4,88.76
73,958,366,5,88.76
74,216,276,7,88.76
75,407,380,5,88.76
76,399,743,4,88.76
77,923,309,2,88.76
78,715,631,2,88.76
79,704,268,4,88.76
80,761,945,9,88.76
81,499,785,8,88.76
82,754,64,3,88.76
83,465,810,9,88.76
84,691,350,5,88.76
85,949,925,3,88.76
86,974,915,5,88.76
87,731,494,4,88.76
88,82,523,8,88.76
89,604,98,5,88.76
90,947,946,8,88.76
91,687,71,9,88.76
92,751,364,4,88.76
93,772,570,7,88.76
94,903,802,2,88.76
95,365,763,6,88.76
96,163,276,8,88.76
97,48,50,7,88.76
98,511,358,7,88.76
99,329,728,8,88.76
100,840,906,7,88.76
101,116,928,5,88.76
102,941,564,7,88.76
103,849,783,3,88.76
104,337,485,5,88.76
105,881,84,7,88.76
106,737,899,9,88.76
107,864,805,2,88.76
108,840,638,4,88.76
109,147,808,7,88.76
110,575,584,1,88.76
111,806,296,2,88.76
112,323,236,9,88.76
113,443,56,7,88.76
114,837,919,7,88.76
115,13,360,6,88.76
116,943,907,3,88.76
117,494,110,3,88.76
118,701,192,2,88.76
119,287,904,6,88.76
120,720,93,4,88.76
121,114,862,5,88.76
122,480,568,3,88.76
123,22,60,6,88.76
124,349,650,3,88.76
125,726,39,8,88.76
126,683,540,9,88.76
127,835,49,4,88.76
128,566,420,9,88.76
129,906,637,7,88.76
130,810,13,3,88.76
131,320,992,7,88.76
132,126,36,1,88.76
133,277,101,3,88.76
134,976,794,6,88.76
135,204,86,4,88.76
136,194,516,7,88.76
137,681,223,3,88.76
138,664,338,1,88.76
139,547,960,9,88.76
140,696,166,6,88.76
141,286,383,8,88.76
142,57,856,3,88.76
143,734,895,8,88.76
144,303,376,2,88.76
145,163,471,4,88.76
146,19,790,3,88.76
147,370,642,1,88.76
148,264,31,7,88.76
149,794,375,2,88.76
150,113,11,4,88.76
151,488,988,9,88.76
152,327,302,6,88.76
153,542,96,8,88.76
154,647,190,2,88.76
155,579,453,7,88.76
156,65,192,6,88.76
157,292,486,9,88.76
158,25,266,7,88.76
159,549,424,1,88.76
160,1,128,8,88.76
161,911,238,3,88.76
162,549,920,2,88.76
163,141,355,3,88.76
164,744,940,6,88.76
165,648,112,3,88.76
166,901,828,5,88.76
167,188,446,6,88.76
168,128,343,8,88.76
169,201,145,7,88.76
170,127,65,8,88.76
171,257,247,3,88.76
172,676,735,4,88.76
173,547,991,6,88.76
174,194,490,7,88.76
175,703,825,9,88.76
176,104,439,1,88.76
177,535,106,8,88.76
178,265,181,8,88.76
179,802,184,6,88.76
180,942,226,4,88.76
181,974,777,3,88.76
182,384,790,3,88.76
183,260,909,6,88.76
184,414,89,8,88.76
185,991,688,7,88.76
186,358,530,1,88.76
187,75,371,6,88.76
188,355,972,7,88.76
189,584,936,7,88.76
190,771,913,9,88.76
191,910,399,5,88.76
192,188,106,1,88.76
193,973,271,2,88.76
194,685,975,4,88.76
195,992,831,5,88.76
196,290,503,9,88.76
197,45,679,1,88.76
198,573,525,3,88.76
199,83,849,5,88.76
200,123,32,3,88.76
201,358,393,4,88.76
202,528,40,3,88.76
203,66,660,4,88.76
204,936,218,1,88.76
205,657,731,8,88.76
206,375,981,4,88.76
207,162,82,7,88.76
208,746,845,2,88.76
209,380,720,2,88.76
210,656,201,6,88.76
211,358,447,2,88.76
212,188,844,6,88.76
213,322,428,2,88.76
214,450,38,4,88.76
215,474,211,7,88.76
216,13,444,8,88.76
217,184,327,3,88.76
218,111,761,9,88.76
219,927,227,2,88.76
220,508,48,8,88.76
221,290,18,8,88.76
222,295,912,4,88.76
223,451,439,1,88.76
224,904,807,1,88.76
225,215,708,2,88.76
226,974,187,9,88.76
227,632,345,2,88.76
228,894,224,2,88.76
229,567,830,6,88.76
230,27,488,7,88.76
231,630,909,7,88.76
232,733,877,9,88.76
233,231,849,6,88.76
234,565,229,8,88.76
235,807,390,6,88.76
236,321,979,2,88.76
237,913,589,1,88.76
238,233,188,5,88.76
239,670,858,9,88.76
240,437,270,8,88.76
241,781,607,4,88.76
242,533,310,5,88.76
243,403,132,5,88.76
244,53,551,6,88.76
245,787,72,3,88.76
246,313,793,5,88.76
247,281,845,2,88.76
248,726,672,1,88.76
249,31,187,1,88.76
250,337,486,7,88.76
251,183,191,2,88.76
252,23,422,4,88.76
253,544,120,5,88.76
254,446,220,7,88.76
255,74,53,2,88.76
256,10,734,6,88.76
257,484,451,1,88.76
258,456,412,7,88.76
259,566,643,9,88.76
260,564,237,5,88.76
261,660,758,5,88.76
262,160,738,4,88.76
263,882,720,3,88.76
264,14,406,9,88.76
265,178,608,5,88.76
266,412,422,8,88.76
267,878,712,9,88.76
268,53,247,5,88.76
269,408,72,9,88.76
270,847,830,2,88.76
271,22,185,9,88.76
272,30,6,4,88.76
273,703,206,6,88.76
274,260,544,6,88.76
275,205,611,6,88.76
276,59,906,2,88.76
277,471,387,7,88.76
278,776,768,6,88.76
279,466,699,1,88.76
280,12,76,2,88.76
281,631,177,7,88.76
282,927,827,1,88.76
283,974,799,1,88.76
284,290,349,1,88.76
285,850,255,8,88.76
286,760,837,4,88.76
287,354,702,4,88.76
288,639,308,2,88.76
289,75,345,1,88.76
290,873,127,9,88.76
291,716,937,7,88.76
292,561,287,4,88.76
293,591,766,6,88.76
294,441,725,2,88.76
295,991,762,7,88.76
296,241,596,2,88.76
297,861,487,8,88.76
298,154,383,8,88.76
299,786,406,1,88.76
300,96,388,8,88.76
301,726,525,2,88.76
302,294,557,6,88.76
303,209,639,1,88.76
304,343,938,5,88.76
305,88,626,7,88.76
306,818,945,1,88.76
307,776,276,2,88.76
308,937,500,7,88.76
309,390,717,6,88.76
310,325,337,3,88.76
311,940,950,2,88.76
312,889,932,4,88.76
313,832,481,3,88.76
314,157,897,7,88.76
315,668,911,8,88.76
316,651,973,2,88.76
317,633,273,7,88.76
318,577,920,8,88.76
319,619,58,6,88.76
320,659,328,6,88.76
321,137,731,1,88.76
322,923,109,4,88.76
323,674,279,1,88.76
324,428,686,4,88.76
325,452,328,2,88.76
326,612,776,5,88.76
327,850,315,9,88.76
328,911,474,3,88.76
329,819,111,8,88.76
330,141,699,3,88.76
331,83,781,6,88.76
332,177,935,4,88.76
333,198,229,8,88.76
334,624,497,6,88.76
335,568,156,8,88.76
336,972,473,1,88.76
337,691,701,6,88.76
338,421,272,1,88.76
339,401,887,1,88.76
340,698,2,8,88.76
341,471,758,7,88.76
342,218,722,3,88.76
343,925,511,6,88.76
344,929,913,9,88.76
345,828,286,7,88.76
346,987,871,3,88.76
347,729,13,6,88.76
348,632,608,4,88.76
349,951,498,3,88.76
350,906,733,9,88.76
351,175,238,2,88.76
352,23,94,1,88.76
353,725,338,2,88.76
354,917,781,7,88.76
355,235,171,1,88.76
356,13,981,6,88.76
357,101,606,7,88.76
358,929,661,9,88.76
359,536,624,8,88.76
360,876,567,6,88.76
361,523,849,3,88.76
362,785,936,8,88.76
363,452,467,7,88.76
364,431,628,3,88.76
365,793,143,9,88.76
366,606,201,2,88.76
367,713,180,3,88.76
368,533,714,2,88.76
369,852,364,1,88.76
370,979,479,4,88.76
371,723,565,5,88.76
372,652,471,6,88.76
373,293,384,5,88.76
374,810,692,1,88.76
375,913,926,3,88.76
376,101,417,1,88.76
377,502,825,5,88.76
378,304,308,5,88.76
379,871,649,6,88.76
380,540,694,8,88.76
381,553,367,1,88.76
382,355,1,4,88.76
383,303,44,1,88.76
384,496,739,9,88.76
385,658,843,7,88.76
386,768,98,7,88.76
387,974,720,5,88.76
388,227,265,7,88.76
389,236,800,2,88.76
390,873,783,4,88.76
391,892,140,7,88.76
392,455,481,3,88.76
393,13,237,2,88.76
394,210,974,2,88.76
395,741,953,1,88.76
396,397,904,5,88.76
397,100,72,6,88.76
398,31,667,6,88.76
399,898,190,9,88.76
400,528,268,4,88.76
401,649,321,1,88.76
402,329,107,6,88.76
403,166,232,5,88.76
404,459,42,6,88.76
405,822,702,3,88.76
406,952,883,2,88.76
407,982,139,6,88.76
408,993,615,1,88.76
409,100,683,7,88.76
410,621,863,7,88.76
411,855,273,7,88.76
412,173,481,1,88.76
413,749,416,4,88.76
414,162,506,7,88.76
415,905,733,9,88.76
416,728,725,5,88.76
417,776,853,2,88.76
418,263,424,7,88.76
419,804,407,1,88.76
420,274,568,7,88.76
421,3,390,6,88.76
422,28,342,7,88.76
423,326,946,3,88.76
424,940,614,3,88.76
425,149,933,7,88.76
426,540,493,2,88.76
427,488,192,1,88.76
428,822,499,9,88.76
429,438,822,9,88.76
430,65,712,7,88.76
431,356,233,7,88.76
432,533,945,3,88.76
433,252,227,2,88.76
434,235,371,7,88.76
435,227,139,9,88.76
436,525,856,1,88.76
437,313,817,4,88.76
438,49,149,6,88.76
439,118,115,7,88.76
440,54,450,7,88.76
441,650,63,2,88.76
442,565,104,4,88.76
443,44,851,5,88.76
444,815,871,1,88.76
445,53,668,1,88.76
446,586,273,3,88.76
447,558,6,3,88.76
448,525,147,8,88.76
449,677,184,9,88.76
450,102,998,1,88.76
451,792,28,2,88.76
452,770,962,2,88.76
453,982,550,4,88.76
454,849,119,2,88.76
455,868,293,7,88.76
456,398,371,9,88.76
457,138,244,7,88.76
458,675,580,6,88.76
459,921,726,1,88.76
460,387,218,9,88.76
461,111,177,5,88.76
462,614,299,5,88.76
463,17,676,6,88.76
464,780,58,9,88.76
465,182,269,8,88.76
466,884,308,8,88.76
467,536,570,8,88.76
468,541,288,1,88.76
469,171,977,1,88.76
470,409,105,8,88.76
471,740,228,5,88.76
472,378,247,9,88.76
473,188,700,2,88.76
474,858,494,9,88.76
475,230,83,8,88.76
476,833,186,9,88.76
477,852,252,4,88.76
478,119,355,1,88.76
479,156,750,1,88.76
480,784,872,5,88.76
481,687,696,2,88.76
482,465,796,8,88.76
483,104,897,5,88.76
484,604,938,5,88.76
485,698,210,2,88.76
486,972,816,7,88.76
487,795,808,8,88.76
488,502,609,1,88.76
489,693,447,2,88.76
490,682,460,4,88.76
491,699,968,5,88.76
492,175,472,2,88.76
493,734,720,1,88.76
494,745,370,9,88.76
495,674,900,1,88.76
496,421,934,4,88.76
497,134,492,2,88.76
498,391,923,4,88.76
499,992,137,8,88.76
500,736,367,8,88.76
501,501,912,9,88.76
502,665,184,5,88.76
503,33,588,7,88.76
504,55,287,3,88.76
505,954,472,4,88.76
506,519,375,9,88.76
507,756,654,1,88.76
508,825,749,2,88.76
509,638,537,5,88.76
510,12,511,3,88.76
511,528,802,2,88.76
512,720,579,1,88.76
513,555,250,3,88.76
514,373,920,1,88.76
515,484,510,1,88.76
516,973,630,1,88.76
517,647,73,8,88.76
518,228,282,3,88.76
519,623,916,1,88.76
520,307,960,7,88.76
521,457,360,3,88.76
522,160,10,8,88.76
523,331,211,4,88.76
524,776,835,4,88.76
525,225,152,5,88.76
526,983,5,6,88.76
527,729,195,7,88.76
528,504,954,4,88.76
529,456,283,8,88.76
530,45,464,6,88.76
531,214,113,1,88.76
532,59,271,1,88.76
533,644,163,9,88.76
534,616,460,6,88.76
535,195,105,8,88.76
536,925,693,7,88.76
537,489,556,6,88.76
538,157,282,4,88.76
539,610,687,7,88.76
540,226,162,9,88.76
541,412,983,7,88.76
542,205,351,1,88.76
543,79,434,9,88.76
544,124,852,4,88.76
545,471,140,3,88.76
546,940,471,4,88.76
547,218,132,4,88.76
548,516,87,2,88.76
549,602,688,1,88.76
550,104,183,1,88.76
551,393,368,8,88.76
552,631,129,2,88.76
553,645,246,5,88.76
554,824,601,4,88.76
555,608,578,8,88.76
556,980,670,2,88.76
557,434,899,9,88.76
558,331,378,7,88.76
559,143,149,7,88.76
560,800,985,1,88.76
561,540,852,2,88.76
562,278,433,4,88.76
563,233,628,4,88.76
564,529,726,3,88.76
565,571,469,7,88.76
566,90,446,8,88.76
567,492,481,2,88.76
568,199,884,4,88.76
569,362,294,3,88.76
570,441,765,2,88.76
571,26,143,6,88.76
572,25,250,4,88.76
573,394,878,6,88.76
574,507,948,2,88.76
575,301,975,4,88.76
576,339,302,6,88.76
577,267,25,5,88.76
578,461,789,3,88.76
579,693,984,8,88.76
580,456,889,7,88.76
581,360,890,3,88.76
582,68,901,6,88.76
583,863,70,4,88.76
584,412,625,5,88.76
585,971,875,5,88.76
586,491,112,7,88.76
587,833,364,5,88.76
588,49,303,3,88.76
589,687,471,5,88.76
590,564,964,7,88.76
591,102,91,5,88.76
592,216,530,5,88.76
593,438,661,9,88.76
594,700,988,3,88.76
595,569,739,6,88.76
596,559,726,1,88.76
597,159,872,5,88.76
598,489,663,8,88.76
599,686,192,5,88.76
600,242,963,9,88.76
601,794,552,6,88.76
602,753,242,8,88.76
603,882,138,8,88.76
604,5,345,3,88.76
605,596,180,7,88.76
606,820,712,7,88.76
607,361,503,6,88.76
608,459,203,7,88.76
609,248,573,2,88.76
610,566,192,9,88.76
611,673,5,1,88.76
612,946,890,1,88.76
613,422,237,3,88.76
614,923,693,3,88.76
615,738,311,1,88.76
616,15,549,7,88.76
617,736,56,4,88.76
618,573,443,2,88.76
619,122,237,5,88.76
620,277,870,6,88.76
621,558,861,9,88.76
622,453,197,4,88.76
623,390,585,2,88.76
624,294,571,5,88.76
625,574,752,3,88.76
626,598,514,2,88.76
627,446,449,1,88.76
628,210,360,2,88.76
629,590,700,6,88.76
630,714,819,8,88.76
631,302,30,3,88.76
632,909,779,9,88.76
633,223,988,9,88.76
634,734,108,2,88.76
635,3,844,8,88.76
636,990,935,5,88.76
637,518,602,4,88.76
638,93,717,5,88.76
639,520,891,4,88.76
640,428,968,8,88.76
641,493,959,4,88.76
642,235,960,6,88.76
643,620,445,2,88.76
644,161,893,5,88.76
645,721,438,6,88.76
646,752,732,5,88.76
647,331,890,2,88.76
648,333,606,7,88.76
649,50,457,4,88.76
650,523,615,8,88.76
651,863,735,7,88.76
652,668,698,7,88.76
653,492,981,9,88.76
654,582,696,1,88.76
655,681,495,6,88.76
656,272,674,6,88.76
657,580,247,6,88.76
658,867,543,6,88.76
659,252,564,7,88.76
660,560,857,6,88.76
661,696,588,1,88.76
662,832,897,3,88.76
663,699,439,2,88.76
664,90,278,6,88.76
665,446,552,8,88.76
666,332,613,3,88.76
667,139,111,8,88.76
668,357,385,8,88.76
669,601,833,5,88.76
670,274,761,8,88.76
671,19,191,6,88.76
672,983,490,5,88.76
673,311,694,9,88.76
674,870,426,7,88.76
675,886,405,8,88.76
676,978,335,1,88.76
677,154,209,2,88.76
678,390,22,8,88.76
679,260,678,9,88.76
680,620,611,4,88.76
681,883,208,9,88.76
682,797,8,4,88.76
683,571,702,9,88.76
684,125,687,7,88.76
685,354,785,2,88.76
686,273,529,9,88.76
687,619,602,4,88.76
688,811,653,8,88.76
689,245,657,7,88.76
690,848,166,7,88.76
691,450,849,8,88.76
692,930,496,1,88.76
693,247,590,5,88.76
694,520,429,2,88.76
695,141,774,2,88.76
696,362,163,1,88.76
697,8,366,5,88.76
698,478,526,2,88.76
699,352,239,4,88.76
700,996,72,3,88.76
701,495,445,3,88.76
702,606,655,2,88.76
703,833,822,6,88.76
704,427,509,2,88.76
705,39,795,8,88.76
706,593,269,8,88.76
707,187,753,5,88.76
708,596,415,7,88.76
709,600,245,4,88.76
710,754,675,1,88.76
711,854,60,2,88.76
712,93,6,4,88.76
713,86,709,1,88.76
714,44,982,8,88.76
715,137,570,9,88.76
716,421,817,4,88.76
717,74,407,3,88.76
718,548,217,2,88.76
719,613,930,5,88.76
720,988,26,3,88.76
721,512,815,7,88.76
722,156,5,6,88.76
723,938,986,1,88.76
724,255,532,8,88.76
725,171,390,2,88.76
726,981,710,5,88.76
727,728,571,9,88.76
728,170,448,8,88.76
729,764,754,2,88.76
730,872,146,9,88.76
731,322,388,5,88.76
732,567,785,6,88.76
733,456,249,3,88.76
734,944,526,3,88.76
735,603,462,8,88.76
736,790,13,2,88.76
737,613,903,2,88.76
738,155,384,5,88.76
739,889,556,6,88.76
740,349,887,2,88.76
741,451,399,5,88.76
742,876,19,7,88.76
743,653,575,8,88.76
744,173,491,7,88.76
745,10,751,8,88.76
746,740,419,9,88.76
747,265,337,5,88.76
748,438,419,5,88.76
749,760,915,4,88.76
750,247,916,9,88.76
751,667,612,5,88.76
752,546,675,2,88.76
753,499,928,8,88.76
754,129,122,7,88.76
755,672,432,8,88.76
756,601,44,3,88.76
757,605,872,4,88.76
758,327,920,5,88.76
759,753,317,6,88.76
760,835,381,1,88.76
761,980,145,4,88.76
762,404,327,5,88.76
763,629,363,7,88.76
764,606,50,5,88.76
765,675,65,1,88.76
766,611,355,7,88.76
767,625,800,8,88.76
768,359,164,7,88.76
769,603,141,4,88.76
770,858,966,8,88.76
771,718,826,5,88.76
772,17,128,9,88.76
773,274,398,5,88.76
774,685,933,1,88.76
775,116,880,9,88.76
776,861,463,5,88.76
777,980,751,6,88.76
778,693,836,4,88.76
779,91,808,6,88.76
780,82,187,8,88.76
781,324,720,3,88.76
782,961,732,5,88.76
783,114,912,2,88.76
784,769,190,2,88.76
785,58,388,7,88.76
786,154,429,6,88.76
787,877,858,4,88.76
788,404,284,5,88.76
789,628,864,1,88.76
790,855,237,7,88.76
791,266,194,8,88.76
792,315,287,9,88.76
793,715,771,8,88.76
794,41,758,5,88.76
795,105,136,3,88.76
796,901,792,9,88.76
797,890,783,6,88.76
798,193,171,5,88.76
799,401,159,3,88.76
800,278,201,6,88.76
801,354,487,3,88.76
802,749,557,6,88.76
803,937,962,4,88.76
804,733,776,2,88.76
805,580,583,8,88.76
806,709,504,4,88.76
807,256,876,9,88.76
808,651,371,7,88.76
809,824,103,2,88.76
810,947,125,4,88.76
811,661,313,5,88.76
812,99,976,3,88.76
813,588,995,9,88.76
814,282,798,5,88.76
815,883,458,2,88.76
816,403,230,3,88.76
817,109,658,9,88.76
818,700,882,7,88.76
819,199,197,2,88.76
820,303,885,9,88.76
821,327,733,4,88.76
822,154,423,9,88.76
823,552,572,2,88.76
824,645,610,4,88.76
825,405,171,5,88.76
826,462,382,2,88.76
827,132,173,1,88.76
828,791,663,7,88.76
829,874,453,1,88.76
830,84,350,8,88.76
831,399,902,3,88.76
832,754,952,6,88.76
833,628,634,7,88.76
834,109,494,1,88.76
835,221,620,6,88.76
836,904,4,7,88.76
837,553,93,6,88.76
838,368,919,4,88.76
839,147,6,1,88.76
840,112,288,9,88.76
841,615,618,4,88.76
842,558,146,7,88.76
843,924,783,7,88.76
844,494,424,2,88.76
845,505,890,1,88.76
846,475,608,8,88.76
847,836,457,8,88.76
848,890,741,7,88.76
849,271,202,8,88.76
850,995,212,3,88.76
851,421,6,2,88.76
852,897,624,7,88.76
853,707,376,8,88.76
854,367,891,1,88.76
855,280,447,9,88.76
856,283,835,4,88.76
857,40,106,4,88.76
858,959,651,3,88.76
859,189,811,6,88.76
860,164,401,1,88.76
861,994,96,6,88.76
862,989,388,2,88.76
863,536,959,9,88.76
864,536,452,2,88.76
865,4,849,7,88.76
866,835,809,1,88.76
867,290,979,7,88.76
868,953,901,5,88.76
869,433,416,8,88.76
870,471,726,4,88.76
871,181,504,7,88.76
872,248,454,6,88.76
873,628,291,5,88.76
874,279,534,4,88.76
875,877,193,7,88.76
876,581,980,5,88.76
877,863,150,5,88.76
878,254,880,1,88.76
879,181,759,2,88.76
880,830,779,5,88.76
881,681,973,3,88.76
882,825,763,2,88.76
883,509,515,4,88.76
884,761,393,4,88.76
885,700,316,4,88.76
886,566,76,4,88.76
887,326,599,3,88.76
888,357,270,7,88.76
889,825,225,9,88.76
890,650,530,5,88.76
891,680,113,4,88.76
892,391,251,2,88.76
893,615,233,2,88.76
894,934,841,5,88.76
895,85,791,7,88.76
896,317,714,9,88.76
897,212,83,7,88.76
898,515,125,5,88.76
899,384,175,6,88.76
900,691,69,3,88.76
901,342,47,5,88.76
902,815,884,8,88.76
903,964,256,1,88.76
904,988,727,1,88.76
905,844,30,7,88.76
906,38,281,5,88.76
907,511,924,5,88.76
908,420,994,1,88.76
909,751,237,9,88.76
910,169,248,1,88.76
911,965,368,5,88.76
912,909,495,9,88.76
913,343,25,4,88.76
914,826,586,8,88.76
915,306,718,6,88.76
916,542,490,3,88.76
917,702,494,4,88.76
918,869,314,2,88.76
919,537,606,1,88.76
920,112,375,8,88.76
921,411,639,1,88.76
922,947,937,1,88.76
923,206,25,4,88.76
924,185,334,6,88.76
925,382,355,9,88.76
926,496,116,1,88.76
927,379,48,7,88.76
928,47,738,5,88.76
929,886,778,8,88.76
930,740,99,7,88.76
931,551,459,4,88.76
932,528,523,4,88.76
933,504,597,6,88.76
934,22,405,6,88.76
935,213,214,9,88.76
936,310,685,5,88.76
937,661,903,8,88.76
938,968,503,5,88.76
939,753,721,2,88.76
940,272,448,6,88.76
941,571,894,9,88.76
942,799,576,3,88.76
943,938,258,1,88.76
944,202,844,1,88.76
945,32,121,3,88.76
946,443,810,5,88.76
947,162,978,3,88.76
948,767,54,9,88.76
949,254,331,8,88.76
950,521,784,3,88.76
951,977,241,9,88.76
952,651,755,6,88.76
953,480,530,7,88.76
954,10,483,4,88.76
955,726,187,4,88.76
956,505,858,2,88.76
957,785,656,5,88.76
958,836,262,8,88.76
959,560,953,7,88.76
960,436,364,7,88.76
961,111,491,6,88.76
962,153,431,3,88.76
963,635,239,5,88.76
964,917,304,1,88.76
965,869,298,7,88.76
966,102,76,9,88.76
967,753,700,1,88.76
968,833,333,2,88.76
969,191,900,3,88.76
970,729,999,3,88.76
971,563,758,8,88.76
972,804,642,7,88.76
973,81,474,6,88.76
974,489,827,4,88.76
975,895,923,9,88.76
976,88,283,1,88.76
977,194,591,2,88.76
978,104,72,4,88.76
979,783,263,3,88.76
980,96,703,1,88.76
981,423,879,5,88.76
982,891,887,7,88.76
983,198,942,2,88.76
984,1,575,5,88.76
985,407,1000,6,88.76
986,378,892,7,88.76
987,167,12,1,88.76
988,509,141,7,88.76
989,638,766,4,88.76
990,313,555,8,88.76
991,593,17,4,88.76
992,418,63,6,88.76
993,763,253,9,88.76
994,681,465,5,88.76
995,477,376,4,88.76
996,73,804,8,88.76
997,141,981,9,88.76
998,582,520,4,88.76
999,262,837,3,88.76
1000,340,90,8,88.76
1001,308,720,5,88.76
1002,245,804,2,88.76
1003,515,796,9,88.76
1004,337,630,3,88.76
1005,575,861,2,88.76
1006,561,175,1,88.76
1007,76,76,8,88.76
1008,880,613,3,88.76
1009,175,926,7,88.76
1010,109,663,1,88.76
1011,183,400,1,88.76
1012,192,782,9,88.76
1013,65,970,8,88.76
1014,849,71,3,88.76
1015,963,180,6,88.76
1016,474,124,3,88.76
1017,783,381,4,88.76
1018,100,293,1,88.76
1019,544,797,5,88.76
1020,864,195,1,88.76
1021,128,911,1,88.76
1022,452,228,7,88.76
1023,914,431,6,88.76
1024,369,942,2,88.76
1025,851,436,2,88.76
1026,43,787,7,88.76
1027,884,461,1,88.76
1028,419,618,2,88.76
1029,488,21,8,88.76
1030,78,64,6,88.76
1031,826,165,2,88.76
1032,801,27,7,88.76
1033,270,311,4,88.76
1034,674,285,2,88.76
1035,701,660,6,88.76
1036,759,281,9,88.76
1037,900,838,9,88.76
1038,728,831,8,88.76
1039,315,164,3,88.76
1040,925,898,3,88.76
1041,851,918,2,88.76
1042,902,224,5,88.76
1043,889,784,4,88.76
1044,993,146,7,88.76
1045,945,965,4,88.76
1046,168,950,9,88.76
1047,339,868,2,88.76
1048,193,30,6,88.76
1049,453,45,7,88.76
1050,283,787,4,88.76
1051,336,471,6,88.76
1052,390,34,7,88.76
1053,1000,653,4,88.76
1054,525,427,8,88.76
1055,240,830,9,88.76
1056,832,886,1,88.76
1057,958,221,7,88.76
1058,483,868,9,88.76
1059,659,534,5,88.76
1060,716,692,2,88.76
1061,592,948,6,88.76
1062,891,367,7,88.76
1063,555,932,2,88.76
1064,458,841,2,88.76
1065,89,743,1,88.76
1066,660,915,4,88.76
1067,95,550,7,88.76
1068,452,582,9,88.76
1069,428,116,3,88.76
1070,151,239,7,88.76
1071,514,335,7,88.76
1072,376,441,7,88.76
1073,22,148,2,88.76
1074,883,9,6,88.76
1075,313,288,2,88.76
1076,997,388,6,88.76
1077,840,50,3,88.76
1078,519,850,2,88.76
1079,206,517,6,88.76
1080,952,916,2,88.76
1081,375,855,5,88.76
1082,451,638,2,88.76
1083,626,587,3,88.76
1084,784,677,3,88.76
1085,595,278,6,88.76
1086,179,954,6,88.76
1087,210,836,3,88.76
1088,500,989,3,88.76
1089,464,300,1,88.76
1090,840,802,7,88.76
1091,124,589,8,88.76
1092,993,810,2,88.76
1093,113,649,4,88.76
1094,12,618,7,88.76
1095,126,607,8,88.76
1096,565,135,1,88.76
1097,331,580,4,88.76
1098,901,147,6,88.76
1099,283,490,3,88.76
1100,140,478,5,88.76
1101,401,159,9,88.76
1102,902,384,3,88.76
1103,97,163,5,88.76
1104,517,441,8,88.76
1105,569,853,6,88.76
1106,924,189,4,88.76
1107,846,415,8,88.76
1108,69,339,3,88.76
1109,118,607,3,88.76
1110,888,181,4,88.76
1111,59,288,9,88.76
1112,33,834,5,88.76
1113,318,187,8,88.76
1114,50,884,6,88.76
1115,880,138,3,88.76
1116,489,130,8,88.76
1117,19,194,9,88.76
1118,726,316,8,88.76
1119,197,984,4,88.76
1120,891,785,6,88.76
1121,450,864,1,88.76
1122,990,144,4,88.76
1123,559,16,8,88.76
1124,679,302,1,88.76
1125,452,423,3,88.76
1126,289,245,1,88.76
1127,141,927,9,88.76
1128,84,107,2,88.76
1129,694,88,9,88.76
1130,391,129,4,88.76
1131,591,907,2,88.76
1132,215,887,4,88.76
1133,526,341,6,88.76
1134,215,4,7,88.76
1135,403,327,3,88.76
1136,128,410,3,88.76
1137,822,879,8,88.76
1138,477,306,5,88.76
1139,760,908,4,88.76
1140,404,607,7,88.76
1141,29,721,7,88.76
1142,792,225,9,88.76
1143,338,971,9,88.76
1144,831,348,5,88.76
1145,714,992,8,88.76
1146,361,321,1,88.76
1147,569,559,9,88.76
1148,392,988,8,88.76
1149,218,181,6,88.76
1150,574,618,3,88.76
1151,669,711,3,88.76
1152,202,386,8,88.76
1153,17,618,5,88.76
1154,322,792,7,88.76
1155,518,772,5,88.76
1156,570,108,8,88.76
1157,325,531,4,88.76
1158,412,410,2,88.76
1159,318,971,3,88.76
1160,681,296,8,88.76
1161,965,818,7,88.76
1162,82,171,2,88.76
1163,474,331,6,88.76
1164,468,493,9,88.76
1165,425,195,4,88.76
1166,945,12,9,88.76
1167,731,195,2,88.76
1168,689,490,2,88.76
1169,204,795,9,88.76
1170,583,881,7,88.76
1171,387,182,7,88.76
1172,778,962,1,88.76
1173,98,817,6,88.76
1174,345,656,7,88.76
1175,803,898,6,88.76
1176,208,316,6,88.76
1177,514,694,2,88.76
1178,636,30,6,88.76
1179,792,596,4,88.76
1180,586,678,9,88.76
1181,166,796,1,88.76
1182,22,793,8,88.76
1183,154,96,5,88.76
1184,939,381,1,88.76
1185,439,778,4,88.76
1186,295,444,1,88.76
1187,219,298,6,88.76
1188,669,808,2,88.76
1189,495,737,5,88.76
1190,230,845,7,88.76
1191,20,361,2,88.76
1192,987,374,6,88.76
1193,553,554,6,88.76
1194,950,303,5,88.76
1195,148,421,5,88.76
1196,108,246,3,88.76
1197,403,720,2,88.76
1198,596,237,7,88.76
1199,483,534,1,88.76
1200,367,185,6,88.76
1201,834,468,6,88.76
1202,414,754,3,88.76
1203,309,363,2,88.76
1204,802,283,2,88.76
1205,918,553,9,88.76
1206,835,336,5,88.76
1207,134,162,7,88.76
1208,719,160,5,88.76
1209,283,474,7,88.76
1210,778,601,4,88.76
1211,73,322,8,88.76
1212,481,12,7,88.76
1213,352,424,5,88.76
1214,560,73,6,88.76
1215,326,588,5,88.76
1216,745,858,7,88.76
1217,443,201,2,88.76
1218,100,522,5,88.76
1219,59,864,3,88.76
1220,508,505,9,88.76
1221,258,738,6,88.76
1222,413,688,3,88.76
1223,452,788,7,88.76
1224,65,39,4,88.76
1225,595,60,3,88.76
1226,154,578,8,88.76
1227,985,321,4,88.76
1228,266,435,1,88.76
1229,821,636,6,88.76
1230,79,676,1,88.76
1231,315,408,5,88.76
1232,662,923,7,88.76
1233,947,386,6,88.76
1234,560,671,2,88.76
1235,917,569,4,88.76
1236,891,78,2,88.76
1237,248,194,1,88.76
1238,790,285,3,88.76
1239,868,527,3,88.76
1240,610,524,7,88.76
1241,414,613,1,88.76
1242,25,156,9,88.76
1243,284,340,6,88.76
1244,449,125,4,88.76
1245,881,871,3,88.76
1246,301,280,3,88.76
1247,68,917,2,88.76
1248,7,906,2,88.76
1249,817,622,5,88.76
1250,137,846,9,88.76
1251,164,869,2,88.76
1252,83,658,2,88.76
1253,897,728,6,88.76
1254,650,910,2,88.76
1255,420,674,4,88.76
1256,73,128,6,88.76
1257,237,314,5,88.76
1258,46,332,1,88.76
1259,618,150,6,88.76
1260,928,454,1,88.76
1261,800,36,3,88.76
1262,262,685,5,88.76
1263,176,420,5,88.76
1264,166,22,6,88.76
1265,657,206,8,88.76
1266,842,639,5,88.76
1267,370,848,1,88.76
1268,795,957,5,88.76
1269,54,356,3,88.76
1270,690,440,4,88.76
1271,419,729,8,88.76
1272,756,96,7,88.76
1273,507,929,5,88.76
1274,341,941,2,88.76
1275,127,164,6,88.76
1276,409,148,6,88.76
1277,924,530,6,88.76
1278,367,294,9,88.76
1279,271,195,8,88.76
1280,644,663,8,88.76
1281,605,480,1,88.76
1282,379,877,5,88.76
1283,73,123,7,88.76
1284,923,400,6,88.76
1285,922,699,5,88.76
1286,915,965,8,88.76
1287,248,452,3,88.76
1288,860,661,6,88.76
1289,785,104,5,88.76
1290,43,755,8,88.76
1291,377,462,4,88.76
1292,41,743,8,88.76
1293,170,991,2,88.76
1294,946,718,9,88.76
1295,212,710,9,88.76
1296,493,396,6,88.76
1297,680,912,4,88.76
1298,39,337,4,88.76
1299,369,599,6,88.76
1300,757,142,5,88.76
1301,151,317,6,88.76
1302,111,711,7,88.76
1303,480,558,7,88.76
1304,436,800,9,88.76
1305,47,527,8,88.76
1306,575,556,6,88.76
1307,737,401,6,88.76
1308,366,681,5,88.76
1309,69,310,1,88.76
1310,299,495,9,88.76
1311,944,556,9,88.76
1312,802,610,9,88.76
1313,296,773,8,88.76
1314,203,109,3,88.76
1315,61,795,1,88.76
1316,946,372,8,88.76
1317,963,855,7,88.76
1318,830,616,5,88.76
1319,314,768,7,88.76
1320,161,891,4,88.76
1321,331,206,9,88.76
1322,528,847,2,88.76
1323,338,43,9,88.76
1324,606,865,9,88.76
1325,304,245,5,88.76
1326,503,287,1,88.76
1327,650,355,7,88.76
1328,338,785,4,88.76
1329,550,476,9,88.76
1330,639,83,6,88.76
1331,275,110,3,88.76
1332,164,950,6,88.76
1333,443,190,6,88.76
1334,319,983,5,88.76
1335,589,800,2,88.76
1336,504,936,2,88.76
1337,686,909,7,88.76
1338,387,251,2,88.76
1339,970,724,6,88.76
1340,870,291,5,88.76
1341,833,645,4,88.76
1342,888,201,7,88.76
1343,603,797,8,88.76
1344,750,326,4,88.76
1345,776,511,1,88.76
1346,691,409,1,88.76
1347,494,607,1,88.76
1348,490,790,1,88.76
1349,721,962,5,88.76
1350,73,941,4,88.76
1351,509,837,9,88.76
1352,390,508,3,88.76
1353,619,731,7,88.76
1354,857,601,8,88.76
1355,295,72,6,88.76
1356,369,247,1,88.76
1357,956,641,8,88.76
1358,796,724,3,88.76
1359,865,940,8,88.76
1360,694,855,4,88.76
1361,549,608,8,88.76
1362,649,587,1,88.76
1363,850,935,3,88.76
1364,568,566,6,88.76
1365,187,344,9,88.76
1366,853,971,2,88.76
1367,770,925,1,88.76
1368,445,54,3,88.76
1369,570,730,4,88.76
1370,363,528,5,88.76
1371,123,611,3,88.76
1372,188,532,2,88.76
1373,742,558,2,88.76
1374,680,963,7,88.76
1375,420,193,9,88.76
1376,626,895,2,88.76
1377,252,58,7,88.76
1378,619,437,7,88.76
1379,549,111,7,88.76
1380,335,129,3,88.76
1381,92,849,7,88.76
1382,530,706,1,88.76
1383,866,925,1,88.76
1384,63,852,5,88.76
1385,662,326,2,88.76
1386,512,8,9,88.76
1387,139,29,7,88.76
1388,698,112,4,88.76
1389,185,947,4,88.76
1390,205,673,2,88.76
1391,772,131,5,88.76
1392,214,188,4,88.76
1393,256,675,1,88.76
1394,135,709,8,88.76
1395,573,475,3,88.76
1396,875,364,6,88.76
1397,822,204,4,88.76
1398,88,212,9,88.76
1399,836,621,7,88.76
1400,988,276,9,88.76
1401,207,73,3,88.76
1402,129,679,1,88.76
1403,823,772,5,88.76
1404,3,243,3,88.76
1405,974,787,6,88.76
1406,934,102,8,88.76
1407,754,987,4,88.76
1408,121,685,5,88.76
1409,385,171,5,88.76
1410,614,653,4,88.76
1411,38,909,4,88.76
1412,341,188,4,88.76
1413,925,441,4,88.76
1414,645,86,4,88.76
1415,714,476,5,88.76
1416,860,52,2,88.76
1417,21,111,2,88.76
1418,242,949,9,88.76
1419,455,877,2,88.76
1420,963,854,6,88.76
1421,621,43,2,88.76
1422,303,211,5,88.76
1423,596,968,4,88.76
1424,595,200,7,88.76
1425,803,810,7,88.76
1426,964,858,6,88.76
1427,69,752,5,88.76
1428,129,627,1,88.76
1429,196,26,3,88.76
1430,140,919,9,88.76
1431,444,299,1,88.76
1432,283,77,5,88.76
1433,312,924,2,88.76
1434,746,137,4,88.76
1435,535,20,1,88.76
1436,665,440,3,88.76
1437,277,211,7,88.76
1438,61,752,3,88.76
1439,319,551,4,88.76
1440,890,435,2,88.76
1441,52,780,3,88.76
1442,856,207,9,88.76
1443,153,991,3,88.76
1444,749,439,5,88.76
1445,311,974,2,88.76
1446,814,779,4,88.76
1447,544,666,7,88.76
1448,567,42,7,88.76
1449,864,411,3,88.76
1450,389,523,5,88.76
1451,548,806,1,88.76
1452,622,610,1,88.76
1453,177,427,5,88.76
1454,362,275,9,88.76
1455,314,448,1,88.76
1456,807,902,1,88.76
1457,848,942,4,88.76
1458,97,884,4,88.76
1459,881,742,2,88.76
1460,213,369,9,88.76
1461,829,938,9,88.76
1462,137,220,2,88.76
1463,6,577,9,88.76
1464,109,867,6,88.76
1465,547,232,8,88.76
1466,39,328,4,88.76
1467,662,443,2,88.76
1468,425,52,2,88.76
1469,630,886,9,88.76
1470,261,943,1,88.76
1471,426,376,7,88.76
1472,87,263,3,88.76
1473,465,267,3,88.76
1474,76,359,2,88.76
1475,471,317,6,88.76
1476,976,324,2,88.76
1477,963,921,4,88.76
1478,414,908,9,88.76
1479,825,666,9,88.76
1480,895,870,6,88.76
1481,726,878,4,88.76
1482,457,652,7,88.76
1483,285,939,1,88.76
1484,239,563,4,88.76
1485,677,629,5,88.76
1486,599,421,8,88.76
1487,653,46,2,88.76
1488,672,821,5,88.76
1489,558,600,6,88.76
1490,372,720,5,88.76
1491,495,889,9,88.76
1492,624,269,1,88.76
1493,919,601,3,88.76
1494,45,381,2,88.76
1495,401,118,3,88.76
1496,247,566,9,88.76
1497,616,953,9,88.76
1498,597,116,2,88.76
1499,450,630,3,88.76
1500,485,260,4,88.76
1501,646,75,9,88.76
1502,620,480,3,88.76
1503,18,305,7,88.76
1504,606,7,3,88.76
1505,662,366,7,88.76
1506,758,634,7,88.76
1507,289,523,9,88.76
1508,414,348,2,88.76
1509,721,438,6,88.76
1510,638,215,9,88.76
1511,235,429,2,88.76
1512,416,791,2,88.76
1513,938,498,5,88.76
1514,499,540,8,88.76
1515,974,747,9,88.76
1516,634,367,2,88.76
1517,650,313,5,88.76
1518,115,538,7,88.76
1519,932,921,6,88.76
1520,674,54,6,88.76
1521,713,541,7,88.76
1522,234,467,3,88.76
1523,540,865,3,88.76
1524,11,164,9,88.76
1525,206,782,8,88.76
1526,679,334,5,88.76
1527,247,547,6,88.76
1528,559,798,1,88.76
1529,758,348,1,88.76
1530,127,273,4,88.76
1531,147,963,2,88.76
1532,118,720,7,88.76
1533,911,750,2,88.76
1534,382,414,2,88.76
1535,412,500,5,88.76
1536,664,93,4,88.76
1537,584,685,8,88.76
1538,363,79,4,88.76
1539,509,622,6,88.76
1540,137,217,5,88.76
1541,175,947,2,88.76
1542,289,358,8,88.76
1543,958,618,2,88.76
1544,481,507,9,88.76
1545,19,559,9,88.76
1546,195,181,3,88.76
1547,330,576,4,88.76
1548,936,246,8,88.76
1549,175,244,9,88.76
1550,449,506,3,88.76
1551,925,422,5,88.76
1552,946,320,8,88.76
1553,354,87,3,88.76
1554,499,217,7,88.76
1555,141,490,8,88.76
1556,758,519,3,88.76
1557,897,278,2,88.76
1558,930,849,7,88.76
1559,93,722,9,88.76
1560,944,169,1,88.76
1561,239,330,3,88.76
1562,205,650,5,88.76
1563,560,441,3,88.76
1564,433,391,1,88.76
1565,245,496,7,88.76
1566,832,381,7,88.76
1567,317,306,8,88.76
1568,925,742,5,88.76
1569,295,987,5,88.76
1570,640,820,5,88.76
1571,856,673,1,88.76
1572,282,513,5,88.76
1573,17,748,6,88.76
1574,71,949,1,88.76
1575,269,188,7,88.76
1576,325,930,1,88.76
1577,794,516,2,88.76
1578,305,913,2,88.76
1579,451,644,5,88.76
1580,7,427,7,88.76
1581,314,502,1,88.76
1582,817,730,1,88.76
1583,103,260,1,88.76
1584,821,513,6,88.76
1585,193,71,2,88.76
1586,753,478,1,88.76
1587,574,178,6,88.76
1588,529,457,2,88.76
1589,171,189,6,88.76
1590,537,291,8,88.76
1591,251,520,2,88.76
1592,765,765,9,88.76
1593,387,920,8,88.76
1594,207,979,1,88.76
1595,541,292,7,88.76
1596,629,946,6,88.76
1597,416,756,6,88.76
1598,794,635,6,88.76
1599,380,811,6,88.76
1600,144,283,7,88.76
1601,25,544,3,88.76
1602,822,846,6,88.76
1603,668,377,3,88.76
1604,73,658,7,88.76
1605,632,156,7,88.76
1606,824,508,8,88.76
1607,833,413,2,88.76
1608,93,528,9,88.76
1609,505,355,5,88.76
1610,598,559,9,88.76
1611,336,763,5,88.76
1612,425,187,7,88.76
1613,499,31,9,88.76
1614,364,260,4,88.76
1615,947,421,2,88.76
1616,630,529,9,88.76
1617,745,551,2,88.76
1618,199,304,3,88.76
1619,718,942,2,88.76
1620,413,986,3,88.76
1621,339,944,6,88.76
1622,659,39,3,88.76
1623,962,489,8,88.76
1624,937,644,6,88.76
1625,429,542,7,88.76
1626,783,670,1,88.76
1627,899,278,3,88.76
1628,139,203,3,88.76
1629,693,66,2,88.76
1630,942,108,7,88.76
1631,542,268,9,88.76
1632,57,222,4,88.76
1633,232,804,5,88.76
1634,658,530,3,88.76
1635,435,90,9,88.76
1636,384,693,4,88.76
1637,560,255,5,88.76
1638,194,455,1,88.76
1639,736,253,2,88.76
1640,648,257,9,88.76
1641,534,383,2,88.76
1642,518,442,5,88.76
1643,716,858,8,88.76
1644,751,599,3,88.76
1645,185,90,6,88.76
1646,872,749,4,88.76
1647,292,390,7,88.76
1648,335,582,3,88.76
1649,732,44,6,88.76
1650,116,712,9,88.76
1651,825,664,1,88.76
1652,49,598,3,88.76
1653,685,19,2,88.76
1654,82,101,8,88.76
1655,834,914,7,88.76
1656,333,607,2,88.76
1657,557,766,6,88.76
1658,335,357,3,88.76
1659,532,542,8,88.76
1660,960,761,3,88.76
1661,221,938,9,88.76
1662,635,33,1,88.76
1663,746,970,5,88.76
1664,733,229,3,88.76
1665,323,524,6,88.76
1666,851,630,2,88.76
1667,3,862,9,88.76
1668,694,155,6,88.76
1669,206,423,7,88.76
1670,832,905,5,88.76
1671,40,246,9,88.76
1672,59,405,1,88.76
1673,951,844,5,88.76
1674,574,759,6,88.76
1675,644,541,7,88.76
1676,507,161,4,88.76
1677,572,747,1,88.76
1678,884,702,8,88.76
1679,843,117,4,88.76
1680,122,271,3,88.76
1681,479,770,7,88.76
1682,619,692,2,88.76
1683,96,487,8,88.76
1684,859,885,6,88.76
1685,414,172,7,88.76
1686,235,950,5,88.76
1687,898,274,9,88.76
1688,62,259,5,88.76
1689,256,135,5,88.76
1690,561,683,3,88.76
1691,905,722,1,88.76
1692,348,748,2,88.76
1693,671,422,8,88.76
1694,124,421,1,88.76
1695,482,186,7,88.76
1696,317,929,5,88.76
1697,504,364,3,88.76
1698,719,955,7,88.76
1699,48,607,9,88.76
1700,409,378,2,88.76
1701,932,523,8,88.76
1702,136,580,9,88.76
1703,201,891,3,88.76
1704,250,722,2,88.76
1705,314,196,7,88.76
1706,869,881,5,88.76
1707,368,98,5,88.76
1708,429,605,5,88.76
1709,830,984,4,88.76
1710,807,22,5,88.76
1711,480,450,4,88.76
1712,314,172,6,88.76
1713,500,383,4,88.76
1714,721,134,2,88.76
1715,355,426,9,88.76
1716,485,25,2,88.76
1717,211,503,9,88.76
1718,704,185,6,88.76
1719,44,85,9,88.76
1720,541,567,9,88.76
1721,571,763,3,88.76
1722,583,144,1,88.76
1723,92,863,1,88.76
1724,265,910,3,88.76
1725,895,679,5,88.76
1726,220,412,3,88.76
1727,902,224,9,88.76
1728,925,220,9,88.76
1729,442,179,3,88.76
1730,401,631,3,88.76
1731,400,433,5,88.76
1732,727,265,2,88.76
1733,991,954,6,88.76
1734,899,429,7,88.76
1735,789,662,9,88.76
1736,576,416,6,88.76
1737,858,453,3,88.76
1738,804,727,5,88.76
1739,490,197,4,88.76
1740,485,554,5,88.76
1741,757,53,8,88.76
1742,470,480,8,88.76
1743,574,443,6,88.76
1744,938,330,1,88.76
1745,844,251,8,88.76
1746,682,807,8,88.76
1747,445,890,2,88.76
1748,269,783,4,88.76
1749,267,967,2,88.76
1750,54,925,4,88.76
1751,528,123,7,88.76
1752,520,879,9,88.76
1753,616,387,8,88.76
1754,59,339,9,88.76
1755,825,778,8,88.76
1756,40,348,2,88.76
1757,237,29,7,88.76
1758,955,975,2,88.76
1759,386,35,2,88.76
1760,606,518,4,88.76
1761,734,396,1,88.76
1762,716,623,5,88.76
1763,650,294,6,88.76
1764,300,589,9,88.76
1765,395,349,8,88.76
1766,207,147,2,88.76
1767,336,67,1,88.76
1768,593,904,2,88.76
1769,730,520,7,88.76
1770,514,122,4,88.76
1771,178,340,5,88.76
1772,396,175,7,88.76
1773,371,900,3,88.76
1774,858,691,2,88.76
1775,791,597,7,88.76
1776,658,451,5,88.76
1777,318,557,1,88.76
1778,736,136,1,88.76
1779,369,855,9,88.76
1780,384,16,5,88.76
1781,62,333,1,88.76
1782,806,195,7,88.76
1783,505,496,9,88.76
1784,239,9,1,88.76
1785,195,828,4,88.76
1786,678,334,3,88.76
1787,963,333,5,88.76
1788,222,327,7,88.76
1789,61,15,8,88.76
1790,129,839,2,88.76
1791,990,614,7,88.76
1792,685,226,1,88.76
1793,992,425,7,88.76
1794,156,790,8,88.76
1795,917,408,2,88.76
1796,378,113,9,88.76
1797,622,997,1,88.76
1798,781,428,6,88.76
1799,923,1,1,88.76
1800,868,266,3,88.76
1801,903,491,6,88.76
1802,790,208,3,88.76
1803,586,622,8,88.76
1804,999,712,5,88.76
1805,437,952,2,88.76
1806,975,369,4,88.76
1807,207,985,9,88.76
1808,388,306,4,88.76
1809,480,12,8,88.76
1810,791,345,5,88.76
1811,887,465,1,88.76
1812,838,700,7,88.76
1813,984,666,3,88.76
1814,340,494,8,88.76
1815,869,368,3,88.76
1816,340,846,1,88.76
1817,204,937,5,88.76
1818,161,420,2,88.76
1819,540,889,4,88.76
1820,392,791,1,88.76
1821,769,171,9,88.76
1822,677,134,6,88.76
1823,575,965,8,88.76
1824,534,427,4,88.76
1825,70,25,9,88.76
1826,893,530,2,88.76
1827,405,190,9,88.76
1828,608,141,5,88.76
1829,675,555,6,88.76
1830,591,846,3,88.76
1831,517,796,4,88.76
1832,828,658,6,88.76
1833,120,315,7,88.76
1834,814,444,1,88.76
1835,690,319,7,88.76
1836,688,441,1,88.76
1837,902,92,5,88.76
1838,217,179,6,88.76
1839,56,56,2,88.76
1840,366,155,9,88.76
1841,699,672,6,88.76
1842,504,111,7,88.76
1843,744,137,8,88.76
1844,767,232,1,88.76
1845,925,992,8,88.76
1846,455,468,4,88.76
1847,104,732,8,88.76
1848,77,481,6,88.76
1849,230,68,9,88.76
1850,914,814,4,88.76
1851,258,249,2,88.76
1852,264,994,2,88.76
1853,331,323,5,88.76
1854,993,922,9,88.76
1855,182,904,3,88.76
1856,893,518,8,88.76
1857,768,976,4,88.76
1858,550,792,6,88.76
1859,688,432,6,88.76
1860,27,487,3,88.76
1861,276,606,5,88.76
1862,652,429,3,88.76
1863,299,269,1,88.76
1864,957,709,7,88.76
1865,799,537,4,88.76
1866,91,148,7,88.76
1867,480,118,3,88.76
1868,573,850,5,88.76
1869,458,367,5,88.76
1870,451,850,2,88.76
1871,365,66,2,88.76
1872,859,970,4,88.76
1873,675,813,4,88.76
1874,351,370,4,88.76
1875,655,175,6,88.76
1876,400,831,2,88.76
1877,253,588,6,88.76
1878,781,495,7,88.76
1879,881,973,3,88.76
1880,803,114,8,88.76
1881,459,111,2,88.76
1882,699,761,8,88.76
1883,917,439,5,88.76
1884,499,715,2,88.76
1885,950,147,7,88.76
1886,971,35,2,88.76
1887,926,999,6,88.76
1888,508,309,3,88.76
1889,304,538,9,88.76
1890,501,750,3,88.76
1891,803,14,3,88.76
1892,598,374,5,88.76
1893,166,557,7,88.76
1894,415,428,8,88.76
1895,462,728,7,88.76
1896,920,233,9,88.76
1897,114,705,5,88.76
1898,433,563,3,88.76
1899,992,939,6,88.76
1900,356,887,5,88.76
1901,928,726,4,88.76
1902,695,663,2,88.76
1903,207,440,7,88.76
1904,768,502,5,88.76
1905,235,275,4,88.76
1906,442,850,8,88.76
1907,355,76,9,88.76
1908,515,439,9,88.76
1909,208,732,3,88.76
1910,709,860,3,88.76
1911,853,956,5,88.76
1912,125,699,5,88.76
1913,138,289,2,88.76
1914,339,915,1,88.76
1915,537,540,8,88.76
1916,68,891,3,88.76
1917,573,692,1,88.76
1918,541,253,1,88.76
1919,383,126,2,88.76
1920,19,177,6,88.76
1921,683,37,6,88.76
1922,450,410,3,88.76
1923,74,611,4,88.76
1924,573,610,2,88.76
1925,939,127,2,88.76
1926,665,483,7,88.76
1927,276,168,1,88.76
1928,48,592,7,88.76
1929,211,294,1,88.76
1930,855,845,6,88.76
1931,920,638,3,88.76
1932,651,343,8,88.76
1933,622,310,6,88.76
1934,994,662,2,88.76
1935,695,528,8,88.76
1936,540,540,5,88.76
1937,709,419,8,88.76
1938,191,444,8,88.76
1939,315,685,6,88.76
1940,901,558,2,88.76
1941,563,840,8,88.76
1942,661,236,6,88.76
1943,780,439,6,88.76
1944,562,214,8,88.76
1945,900,85,1,88.76
1946,758,794,2,88.76
1947,113,744,9,88.76
1948,170,85,8,88.76
1949,468,921,7,88.76
1950,678,489,7,88.76
1951,921,65,5,88.76
1952,14,646,2,88.76
1953,715,663,6,88.76
1954,288,627,3,88.76
1955,907,64,4,88.76
1956,189,343,2,88.76
1957,914,939,2,88.76
1958,155,875,8,88.76
1959,567,919,8,88.76
1960,694,352,6,88.76
1961,722,158,5,88.76
1962,888,589,8,88.76
1963,471,491,4,88.76
1964,75,658,4,88.76
1965,277,855,5,88.76
1966,940,463,1,88.76
1967,645,225,1,88.76
1968,343,917,2,88.76
1969,425,313,8,88.76
1970,571,615,7,88.76
1971,511,919,9,88.76
1972,857,859,5,88.76
1973,182,813,2,88.76
1974,458,940,7,88.76
1975,918,466,8,88.76
1976,851,88,7,88.76
1977,833,883,7,88.76
1978,64,303,5,88.76
1979,839,680,2,88.76
1980,260,435,6,88.76
1981,193,682,4,88.76
1982,655,135,2,88.76
1983,616,50,9,88.76
1984,972,432,7,88.76
1985,406,340,6,88.76
1986,726,347,5,88.76
1987,754,646,3,88.76
1988,943,347,4,88.76
1989,721,649,3,88.76
1990,93,245,8,88.76
1991,430,109,3,88.76
1992,654,825,7,88.76
1993,434,799,7,88.76
1994,404,533,7,88.76
1995,434,90,7,88.76
1996,112,296,2,88.76
1997,929,112,3,88.76
1998,375,813,9,88.76
1999,59,589,3,88.76
2000,43,177,2,88.76
