PaymentID,CustomerID,OrderID,PaymentMethod,PaymentDate,Amount
1,173,819,Cryptocurrency,2023-11-16,859.34
2,234,700,PayPal,2023-10-06,859.34
3,793,582,Cryptocurrency,2023-12-16,859.34
4,884,805,Bank Transfer,2024-11-08,859.34
5,590,287,PayPal,2024-06-05,859.34
6,620,994,Cryptocurrency,2025-03-13,859.34
7,793,169,PayPal,2024-03-02,859.34
8,403,62,PayPal,2024-10-04,859.34
9,39,349,Credit Card,2025-01-14,859.34
10,119,442,PayPal,2024-08-06,859.34
11,335,14,Credit Card,2023-12-07,859.34
12,336,164,Cryptocurrency,2023-09-18,859.34
13,539,420,Credit Card,2023-06-16,859.34
14,616,757,Credit Card,2025-01-30,859.34
15,74,847,Credit Card,2024-11-29,859.34
16,191,520,Bank Transfer,2024-10-28,859.34
17,324,666,Credit Card,2023-11-09,859.34
18,147,548,PayPal,2025-04-01,859.34
19,767,560,Credit Card,2024-02-10,859.34
20,284,597,PayPal,2024-03-21,859.34
21,213,28,Credit Card,2024-06-08,859.34
22,635,708,Bank Transfer,2023-06-19,859.34
23,718,446,Cryptocurrency,2024-11-30,859.34
24,929,208,Credit Card,2023-05-14,859.34
25,752,470,Credit Card,2024-11-28,859.34
26,394,716,Bank Transfer,2025-02-28,859.34
27,339,976,Credit Card,2024-10-26,859.34
28,798,819,PayPal,2023-08-12,859.34
29,22,104,Credit Card,2023-09-03,859.34
30,771,742,Credit Card,2023-05-22,859.34
31,869,426,Cryptocurrency,2024-11-09,859.34
32,105,101,Cryptocurrency,2024-03-10,859.34
33,466,541,Credit Card,2023-12-14,859.34
34,459,639,Bank Transfer,2024-05-13,859.34
35,432,850,Cryptocurrency,2023-09-04,859.34
36,770,522,Credit Card,2024-03-17,859.34
37,716,106,Cryptocurrency,2024-01-19,859.34
38,822,679,Credit Card,2024-05-10,859.34
39,774,978,Cryptocurrency,2024-06-06,859.34
40,619,769,Cryptocurrency,2024-06-22,859.34
41,763,807,PayPal,2024-01-20,859.34
42,936,277,Credit Card,2025-01-30,859.34
43,221,65,Credit Card,2024-05-22,859.34
44,379,783,Credit Card,2023-06-26,859.34
45,222,900,Credit Card,2025-02-12,859.34
46,258,188,Cryptocurrency,2023-09-12,859.34
47,713,317,PayPal,2024-12-29,859.34
48,367,916,PayPal,2024-09-17,859.34
49,770,138,Bank Transfer,2023-08-31,859.34
50,349,343,Credit Card,2023-04-20,859.34
51,225,105,Bank Transfer,2024-03-31,859.34
52,714,546,Cryptocurrency,2023-11-01,859.34
53,738,380,Bank Transfer,2023-04-04,859.34
54,236,110,Credit Card,2023-10-28,859.34
55,183,944,PayPal,2023-04-26,859.34
56,712,545,PayPal,2024-05-27,859.34
57,869,354,Credit Card,2024-03-25,859.34
58,758,743,Cryptocurrency,2023-08-15,859.34
59,444,317,Credit Card,2024-10-06,859.34
60,865,266,Cryptocurrency,2023-05-03,859.34
61,623,694,PayPal,2024-12-02,859.34
62,6,852,Cryptocurrency,2024-11-30,859.34
63,236,65,Credit Card,2024-04-19,859.34
64,127,333,Credit Card,2025-03-11,859.34
65,104,513,Credit Card,2023-08-05,859.34
66,749,133,Cryptocurrency,2024-07-22,859.34
67,915,592,Cryptocurrency,2023-10-05,859.34
68,480,783,Cryptocurrency,2024-12-09,859.34
69,155,753,PayPal,2024-03-14,859.34
70,257,540,Bank Transfer,2023-08-10,859.34
71,235,735,Bank Transfer,2025-03-02,859.34
72,500,535,Credit Card,2025-02-14,859.34
73,289,496,PayPal,2024-10-08,859.34
74,510,621,Cryptocurrency,2024-04-16,859.34
75,552,619,Credit Card,2023-10-06,859.34
76,800,657,PayPal,2023-06-05,859.34
77,709,369,Credit Card,2023-10-25,859.34
78,785,866,PayPal,2023-06-26,859.34
79,894,909,PayPal,2024-10-08,859.34
80,776,910,Bank Transfer,2023-07-20,859.34
81,569,651,Credit Card,2023-08-11,859.34
82,298,796,Cryptocurrency,2023-06-18,859.34
83,610,810,Bank Transfer,2025-02-10,859.34
84,137,992,Bank Transfer,2023-05-02,859.34
85,376,99,Cryptocurrency,2024-05-11,859.34
86,87,317,PayPal,2024-11-21,859.34
87,419,123,Cryptocurrency,2024-11-07,859.34
88,754,320,Credit Card,2024-07-04,859.34
89,199,799,Cryptocurrency,2023-08-06,859.34
90,463,593,PayPal,2024-10-15,859.34
91,437,495,Cryptocurrency,2024-01-23,859.34
92,310,457,PayPal,2023-09-17,859.34
93,596,522,PayPal,2024-10-18,859.34
94,754,520,Credit Card,2024-06-14,859.34
95,281,917,Cryptocurrency,2023-10-02,859.34
96,323,717,Cryptocurrency,2024-11-08,859.34
97,764,315,Credit Card,2023-09-13,859.34
98,702,946,PayPal,2024-09-15,859.34
99,951,709,Cryptocurrency,2025-01-19,859.34
100,942,710,Credit Card,2023-04-29,859.34
101,152,542,PayPal,2023-06-27,859.34
102,994,479,Credit Card,2023-12-25,859.34
103,302,913,Cryptocurrency,2023-10-24,859.34
104,278,971,Credit Card,2023-06-04,859.34
105,651,20,Bank Transfer,2024-04-23,859.34
106,688,560,PayPal,2024-01-09,859.34
107,8,969,Bank Transfer,2024-12-31,859.34
108,807,130,Bank Transfer,2023-11-12,859.34
109,235,293,PayPal,2024-03-04,859.34
110,675,897,PayPal,2023-08-14,859.34
111,561,132,Credit Card,2024-09-01,859.34
112,302,356,PayPal,2024-10-11,859.34
113,38,54,Bank Transfer,2025-01-06,859.34
114,136,890,Bank Transfer,2023-09-12,859.34
115,822,793,Cryptocurrency,2024-04-04,859.34
116,421,387,PayPal,2024-05-15,859.34
117,219,265,Bank Transfer,2023-08-05,859.34
118,348,982,Cryptocurrency,2024-11-13,859.34
119,808,215,Cryptocurrency,2024-10-30,859.34
120,546,460,Credit Card,2023-11-12,859.34
121,864,458,Bank Transfer,2025-01-14,859.34
122,79,802,Credit Card,2024-04-16,859.34
123,748,43,Bank Transfer,2024-06-12,859.34
124,895,586,Credit Card,2023-12-25,859.34
125,273,862,Credit Card,2023-05-18,859.34
126,161,278,PayPal,2025-02-02,859.34
127,687,838,Credit Card,2024-04-11,859.34
128,878,754,PayPal,2024-05-29,859.34
129,308,130,Cryptocurrency,2024-06-25,859.34
130,374,350,Bank Transfer,2024-12-30,859.34
131,976,706,Cryptocurrency,2025-03-11,859.34
132,733,544,Bank Transfer,2024-10-30,859.34
133,9,106,Cryptocurrency,2023-08-25,859.34
134,801,912,Bank Transfer,2023-09-15,859.34
135,444,716,Credit Card,2025-03-25,859.34
136,113,1,Bank Transfer,2024-08-03,859.34
137,989,757,Bank Transfer,2023-08-17,859.34
138,205,584,Cryptocurrency,2024-03-30,859.34
139,405,432,Cryptocurrency,2023-04-06,859.34
140,698,306,Cryptocurrency,2024-03-06,859.34
141,853,909,PayPal,2025-02-09,859.34
142,197,527,PayPal,2023-05-18,859.34
143,778,53,Bank Transfer,2023-12-30,859.34
144,774,940,Bank Transfer,2024-12-04,859.34
145,760,520,Credit Card,2024-12-11,859.34
146,115,330,Credit Card,2024-05-04,859.34
147,121,558,Bank Transfer,2023-07-29,859.34
148,653,325,PayPal,2024-07-27,859.34
149,65,114,Bank Transfer,2025-03-02,859.34
150,276,147,Credit Card,2023-08-20,859.34
151,825,166,PayPal,2023-11-16,859.34
152,239,379,PayPal,2023-06-12,859.34
153,302,139,Credit Card,2024-03-15,859.34
154,392,629,Bank Transfer,2023-12-25,859.34
155,522,299,Cryptocurrency,2023-05-28,859.34
156,969,276,Bank Transfer,2023-05-31,859.34
157,369,916,Bank Transfer,2024-08-11,859.34
158,233,789,Credit Card,2024-02-05,859.34
159,195,850,PayPal,2023-07-29,859.34
160,907,825,Credit Card,2024-03-23,859.34
161,12,178,Bank Transfer,2024-12-03,859.34
162,906,842,Cryptocurrency,2024-02-19,859.34
163,921,354,Cryptocurrency,2023-05-02,859.34
164,689,154,Cryptocurrency,2025-02-03,859.34
165,177,926,Credit Card,2024-05-12,859.34
166,217,201,PayPal,2024-01-14,859.34
167,11,878,Credit Card,2023-05-08,859.34
168,446,115,Cryptocurrency,2025-01-10,859.34
169,630,671,Bank Transfer,2024-01-24,859.34
170,164,554,PayPal,2025-01-08,859.34
171,551,759,Credit Card,2023-12-12,859.34
172,53,68,Credit Card,2023-05-12,859.34
173,218,445,PayPal,2023-07-21,859.34
174,718,445,PayPal,2024-09-24,859.34
175,999,326,Bank Transfer,2023-07-04,859.34
176,824,846,PayPal,2024-06-09,859.34
177,360,708,Bank Transfer,2023-05-19,859.34
178,385,602,Cryptocurrency,2023-07-25,859.34
179,56,623,Cryptocurrency,2023-08-05,859.34
180,118,880,Credit Card,2023-04-08,859.34
181,900,359,Cryptocurrency,2023-06-29,859.34
182,253,145,Cryptocurrency,2024-12-10,859.34
183,798,275,Bank Transfer,2024-06-21,859.34
184,780,509,Credit Card,2024-10-25,859.34
185,803,179,PayPal,2024-11-27,859.34
186,845,753,Credit Card,2023-07-17,859.34
187,180,838,Cryptocurrency,2024-02-20,859.34
188,415,831,PayPal,2023-11-26,859.34
189,870,477,Credit Card,2023-08-22,859.34
190,235,843,Credit Card,2023-05-13,859.34
191,855,976,Credit Card,2024-07-14,859.34
192,708,414,Credit Card,2024-11-18,859.34
193,820,153,Bank Transfer,2024-08-04,859.34
194,80,104,Credit Card,2023-05-12,859.34
195,647,75,Cryptocurrency,2025-02-01,859.34
196,22,128,Cryptocurrency,2023-07-02,859.34
197,477,711,Bank Transfer,2024-01-21,859.34
198,843,666,PayPal,2023-11-30,859.34
199,440,568,PayPal,2025-01-08,859.34
200,737,790,Cryptocurrency,2023-05-11,859.34
201,570,345,Cryptocurrency,2023-08-24,859.34
202,93,531,Bank Transfer,2025-03-22,859.34
203,192,159,PayPal,2023-04-28,859.34
204,103,538,PayPal,2023-07-11,859.34
205,396,426,Credit Card,2024-02-16,859.34
206,7,681,Credit Card,2023-12-10,859.34
207,640,996,Credit Card,2023-11-14,859.34
208,567,23,Bank Transfer,2024-03-12,859.34
209,231,47,Cryptocurrency,2025-02-16,859.34
210,874,525,Bank Transfer,2023-12-03,859.34
211,574,729,PayPal,2024-08-21,859.34
212,240,834,Cryptocurrency,2023-07-16,859.34
213,90,706,Credit Card,2024-05-31,859.34
214,232,144,Bank Transfer,2023-09-13,859.34
215,457,585,Bank Transfer,2024-05-15,859.34
216,233,668,Credit Card,2023-06-23,859.34
217,354,589,Bank Transfer,2024-08-10,859.34
218,333,419,Credit Card,2023-11-24,859.34
219,439,681,PayPal,2024-12-30,859.34
220,375,973,Cryptocurrency,2023-12-28,859.34
221,292,799,PayPal,2023-09-08,859.34
222,345,85,PayPal,2024-07-03,859.34
223,664,416,Credit Card,2024-06-19,859.34
224,428,694,Bank Transfer,2024-06-17,859.34
225,657,482,PayPal,2023-04-04,859.34
226,130,456,PayPal,2023-08-31,859.34
227,141,827,PayPal,2023-10-05,859.34
228,415,297,Bank Transfer,2024-09-02,859.34
229,93,112,Bank Transfer,2023-11-08,859.34
230,626,962,Credit Card,2024-01-17,859.34
231,284,230,PayPal,2023-04-06,859.34
232,956,96,Cryptocurrency,2023-10-18,859.34
233,923,950,Bank Transfer,2024-05-29,859.34
234,655,680,Credit Card,2024-11-13,859.34
235,223,378,PayPal,2024-05-22,859.34
236,744,156,Cryptocurrency,2023-10-18,859.34
237,463,421,Bank Transfer,2024-10-15,859.34
238,545,105,Cryptocurrency,2024-03-11,859.34
239,276,705,Bank Transfer,2024-09-28,859.34
240,682,330,Credit Card,2023-12-23,859.34
241,140,439,Cryptocurrency,2025-03-16,859.34
242,357,132,PayPal,2024-03-01,859.34
243,713,867,PayPal,2024-06-06,859.34
244,23,382,Bank Transfer,2024-01-31,859.34
245,968,138,PayPal,2024-04-07,859.34
246,736,943,Cryptocurrency,2023-09-04,859.34
247,880,843,Credit Card,2023-10-03,859.34
248,270,270,Bank Transfer,2023-12-19,859.34
249,859,550,Cryptocurrency,2024-08-08,859.34
250,665,396,Bank Transfer,2023-11-25,859.34
251,333,557,Credit Card,2023-06-05,859.34
252,85,913,Bank Transfer,2024-08-12,859.34
253,621,464,PayPal,2023-05-06,859.34
254,31,675,PayPal,2023-04-25,859.34
255,741,450,Bank Transfer,2024-06-14,859.34
256,240,331,Credit Card,2024-10-05,859.34
257,890,253,Credit Card,2024-03-11,859.34
258,363,681,PayPal,2025-01-28,859.34
259,822,963,Credit Card,2024-10-04,859.34
260,389,285,Bank Transfer,2023-09-22,859.34
261,653,274,Cryptocurrency,2024-01-04,859.34
262,668,20,Bank Transfer,2024-09-04,859.34
263,299,239,PayPal,2024-09-02,859.34
264,857,270,PayPal,2024-06-28,859.34
265,371,418,PayPal,2024-02-01,859.34
266,99,945,Credit Card,2024-04-14,859.34
267,47,310,Bank Transfer,2025-01-21,859.34
268,999,31,Cryptocurrency,2023-10-15,859.34
269,839,826,Bank Transfer,2024-08-06,859.34
270,422,104,Cryptocurrency,2023-05-24,859.34
271,480,682,Bank Transfer,2024-05-19,859.34
272,579,186,PayPal,2023-08-14,859.34
273,62,128,Cryptocurrency,2023-10-30,859.34
274,109,210,Bank Transfer,2025-02-19,859.34
275,679,414,Credit Card,2023-12-10,859.34
276,549,281,Credit Card,2024-11-20,859.34
277,119,959,Bank Transfer,2024-05-08,859.34
278,598,253,PayPal,2024-11-18,859.34
279,382,19,Cryptocurrency,2025-03-10,859.34
280,392,712,Bank Transfer,2023-06-10,859.34
281,977,732,Credit Card,2023-10-17,859.34
282,52,136,Cryptocurrency,2024-08-06,859.34
283,603,223,Credit Card,2023-07-29,859.34
284,289,3,Credit Card,2023-07-26,859.34
285,337,963,Bank Transfer,2025-03-07,859.34
286,810,236,Credit Card,2023-05-31,859.34
287,204,854,Cryptocurrency,2024-05-22,859.34
288,880,465,PayPal,2024-03-06,859.34
289,238,228,Bank Transfer,2025-02-15,859.34
290,382,913,Cryptocurrency,2023-06-04,859.34
291,667,654,Bank Transfer,2024-04-19,859.34
292,752,499,Credit Card,2023-10-29,859.34
293,136,521,Credit Card,2025-03-30,859.34
294,407,702,Cryptocurrency,2025-01-16,859.34
295,508,862,Cryptocurrency,2023-07-22,859.34
296,362,917,PayPal,2023-06-29,859.34
297,381,972,Cryptocurrency,2023-11-18,859.34
298,881,677,Cryptocurrency,2025-01-25,859.34
299,576,992,Bank Transfer,2024-04-28,859.34
300,635,139,Credit Card,2023-09-18,859.34
301,254,276,Cryptocurrency,2024-04-26,859.34
302,477,291,PayPal,2023-11-20,859.34
303,114,53,Cryptocurrency,2024-10-18,859.34
304,20,687,Credit Card,2024-10-11,859.34
305,528,110,Cryptocurrency,2023-05-03,859.34
306,145,715,Bank Transfer,2023-06-19,859.34
307,208,948,Credit Card,2023-12-05,859.34
308,531,648,Cryptocurrency,2024-03-24,859.34
309,376,4,Bank Transfer,2023-11-13,859.34
310,504,667,Credit Card,2024-10-05,859.34
311,904,684,Cryptocurrency,2024-11-28,859.34
312,166,936,Bank Transfer,2023-10-28,859.34
313,550,870,PayPal,2023-11-23,859.34
314,181,47,Bank Transfer,2024-06-21,859.34
315,861,94,PayPal,2024-01-15,859.34
316,617,940,Cryptocurrency,2024-06-18,859.34
317,612,560,Bank Transfer,2024-11-18,859.34
318,602,752,PayPal,2024-10-31,859.34
319,927,859,Credit Card,2024-03-04,859.34
320,812,213,Bank Transfer,2024-04-20,859.34
321,444,436,Cryptocurrency,2024-10-29,859.34
322,332,852,Credit Card,2024-07-08,859.34
323,503,508,PayPal,2024-07-08,859.34
324,913,836,Bank Transfer,2023-12-18,859.34
325,79,651,Bank Transfer,2023-06-27,859.34
326,585,205,Cryptocurrency,2023-07-29,859.34
327,935,381,Credit Card,2024-12-01,859.34
328,938,73,Bank Transfer,2023-07-29,859.34
329,688,516,Bank Transfer,2024-07-27,859.34
330,396,76,Credit Card,2024-12-13,859.34
331,608,841,Bank Transfer,2024-02-10,859.34
332,857,77,Credit Card,2023-11-17,859.34
333,103,816,Credit Card,2024-04-17,859.34
334,402,768,Credit Card,2023-05-15,859.34
335,975,410,Cryptocurrency,2024-10-25,859.34
336,224,614,Credit Card,2023-09-01,859.34
337,518,106,Credit Card,2024-03-25,859.34
338,634,845,PayPal,2023-10-10,859.34
339,236,551,PayPal,2024-04-09,859.34
340,427,476,Cryptocurrency,2023-07-03,859.34
341,116,826,Credit Card,2023-08-02,859.34
342,163,275,PayPal,2024-01-10,859.34
343,226,88,PayPal,2023-10-21,859.34
344,230,723,Bank Transfer,2024-01-23,859.34
345,182,881,Credit Card,2023-04-14,859.34
346,249,77,PayPal,2024-05-17,859.34
347,318,77,Cryptocurrency,2024-02-03,859.34
348,965,442,Bank Transfer,2024-09-05,859.34
349,210,540,Bank Transfer,2024-08-12,859.34
350,656,245,Credit Card,2024-07-10,859.34
351,392,578,Credit Card,2023-12-01,859.34
352,857,778,Bank Transfer,2025-03-13,859.34
353,96,382,Cryptocurrency,2024-01-07,859.34
354,894,982,Credit Card,2024-12-30,859.34
355,858,717,Credit Card,2025-01-31,859.34
356,756,570,Bank Transfer,2025-02-20,859.34
357,86,713,Bank Transfer,2024-08-10,859.34
358,415,737,Credit Card,2023-05-07,859.34
359,394,142,PayPal,2024-10-31,859.34
360,696,893,Credit Card,2025-01-25,859.34
361,633,368,PayPal,2024-11-14,859.34
362,844,84,Bank Transfer,2024-11-14,859.34
363,501,143,PayPal,2023-05-30,859.34
364,604,352,Cryptocurrency,2023-06-21,859.34
365,582,545,Bank Transfer,2023-07-31,859.34
366,916,913,Credit Card,2025-03-28,859.34
367,133,152,Credit Card,2024-04-22,859.34
368,791,158,Bank Transfer,2024-02-08,859.34
369,649,446,Bank Transfer,2024-01-02,859.34
370,314,653,Cryptocurrency,2023-12-23,859.34
371,699,958,Bank Transfer,2023-08-28,859.34
372,221,763,Credit Card,2024-12-17,859.34
373,976,303,Cryptocurrency,2024-04-14,859.34
374,438,624,Credit Card,2025-01-27,859.34
375,46,656,PayPal,2025-01-10,859.34
376,790,450,Bank Transfer,2023-06-15,859.34
377,192,721,PayPal,2023-07-26,859.34
378,520,224,Credit Card,2025-01-17,859.34
379,379,43,PayPal,2024-05-19,859.34
380,788,264,PayPal,2024-05-24,859.34
381,691,756,Credit Card,2025-02-08,859.34
382,334,3,Credit Card,2023-12-14,859.34
383,39,637,Bank Transfer,2024-01-05,859.34
384,293,268,PayPal,2025-01-26,859.34
385,690,596,Cryptocurrency,2023-09-27,859.34
386,162,16,Cryptocurrency,2024-09-04,859.34
387,331,334,Credit Card,2023-06-14,859.34
388,886,464,Credit Card,2024-02-27,859.34
389,104,59,PayPal,2023-11-01,859.34
390,161,177,Credit Card,2025-02-25,859.34
391,799,63,Cryptocurrency,2023-10-29,859.34
392,635,958,Bank Transfer,2024-11-13,859.34
393,54,561,Bank Transfer,2023-10-28,859.34
394,940,307,PayPal,2023-09-24,859.34
395,34,246,Bank Transfer,2024-11-17,859.34
396,242,289,Credit Card,2023-11-01,859.34
397,967,798,Credit Card,2024-03-31,859.34
398,890,955,Credit Card,2024-09-22,859.34
399,113,332,Credit Card,2024-01-25,859.34
400,318,527,PayPal,2024-07-27,859.34
401,23,850,Bank Transfer,2023-09-10,859.34
402,558,255,Cryptocurrency,2023-09-05,859.34
403,824,604,Bank Transfer,2023-10-20,859.34
404,647,510,Credit Card,2023-06-09,859.34
405,118,791,Cryptocurrency,2025-02-18,859.34
406,985,718,PayPal,2025-01-25,859.34
407,701,606,Credit Card,2024-10-02,859.34
408,643,737,Credit Card,2024-11-26,859.34
409,934,813,Cryptocurrency,2025-01-18,859.34
410,212,830,PayPal,2023-09-22,859.34
411,418,463,Cryptocurrency,2023-11-08,859.34
412,113,199,PayPal,2023-11-10,859.34
413,44,271,Credit Card,2025-02-05,859.34
414,128,746,Bank Transfer,2025-01-30,859.34
415,876,558,Credit Card,2023-07-27,859.34
416,158,64,Bank Transfer,2023-09-02,859.34
417,785,230,Bank Transfer,2023-09-09,859.34
418,827,942,PayPal,2024-07-24,859.34
419,394,952,Cryptocurrency,2024-12-07,859.34
420,867,249,PayPal,2023-09-23,859.34
421,852,246,Credit Card,2024-12-14,859.34
422,512,940,Cryptocurrency,2023-05-23,859.34
423,914,587,Bank Transfer,2025-01-23,859.34
424,45,157,Bank Transfer,2024-10-16,859.34
425,108,735,Credit Card,2025-01-21,859.34
426,219,702,Cryptocurrency,2024-03-29,859.34
427,443,985,Credit Card,2024-07-09,859.34
428,830,564,Credit Card,2024-07-29,859.34
429,315,950,PayPal,2023-06-28,859.34
430,177,88,Credit Card,2023-10-25,859.34
431,228,313,Cryptocurrency,2024-08-19,859.34
432,703,851,Credit Card,2024-07-13,859.34
433,983,66,Cryptocurrency,2024-09-11,859.34
434,672,662,Bank Transfer,2023-12-30,859.34
435,906,20,Credit Card,2023-11-13,859.34
436,267,33,Cryptocurrency,2024-11-27,859.34
437,870,840,Bank Transfer,2025-01-23,859.34
438,838,793,Cryptocurrency,2024-07-23,859.34
439,379,558,Bank Transfer,2023-05-01,859.34
440,489,73,PayPal,2024-09-18,859.34
441,702,866,Credit Card,2023-05-12,859.34
442,687,825,Credit Card,2024-07-31,859.34
443,290,343,Bank Transfer,2023-07-17,859.34
444,996,133,PayPal,2024-04-01,859.34
445,357,55,Cryptocurrency,2024-08-06,859.34
446,657,61,PayPal,2025-01-19,859.34
447,744,857,Cryptocurrency,2024-04-16,859.34
448,872,520,Cryptocurrency,2023-06-10,859.34
449,950,272,Credit Card,2023-12-10,859.34
450,204,246,Bank Transfer,2024-06-06,859.34
451,213,176,Credit Card,2025-04-02,859.34
452,552,628,Credit Card,2024-10-18,859.34
453,787,317,Credit Card,2023-12-22,859.34
454,323,783,Cryptocurrency,2025-02-03,859.34
455,594,705,Credit Card,2023-06-15,859.34
456,181,662,Cryptocurrency,2024-09-01,859.34
457,499,131,Bank Transfer,2024-09-22,859.34
458,320,102,Cryptocurrency,2025-01-09,859.34
459,83,310,Cryptocurrency,2023-08-10,859.34
460,303,782,PayPal,2024-10-02,859.34
461,262,292,Credit Card,2023-05-20,859.34
462,784,722,Credit Card,2023-06-30,859.34
463,200,495,Credit Card,2023-05-15,859.34
464,240,361,Credit Card,2023-10-19,859.34
465,914,338,PayPal,2024-07-31,859.34
466,692,579,PayPal,2023-11-03,859.34
467,944,10,PayPal,2023-08-15,859.34
468,683,49,PayPal,2024-10-22,859.34
469,295,487,Credit Card,2024-08-01,859.34
470,512,623,Cryptocurrency,2024-08-11,859.34
471,689,321,Bank Transfer,2023-12-26,859.34
472,881,731,PayPal,2023-09-27,859.34
473,396,569,Cryptocurrency,2024-08-12,859.34
474,749,795,PayPal,2024-06-12,859.34
475,138,971,Credit Card,2023-12-09,859.34
476,839,625,Credit Card,2024-08-18,859.34
477,878,133,Cryptocurrency,2024-11-17,859.34
478,823,583,Cryptocurrency,2025-03-23,859.34
479,129,83,Cryptocurrency,2024-04-23,859.34
480,49,57,Credit Card,2024-01-21,859.34
481,676,376,Credit Card,2024-11-01,859.34
482,789,349,Bank Transfer,2024-05-19,859.34
483,293,271,Cryptocurrency,2024-04-28,859.34
484,628,483,Bank Transfer,2024-07-21,859.34
485,536,111,PayPal,2024-12-08,859.34
486,311,869,Bank Transfer,2024-04-25,859.34
487,537,887,PayPal,2024-04-20,859.34
488,903,76,PayPal,2023-07-08,859.34
489,639,158,Bank Transfer,2023-10-24,859.34
490,234,532,Cryptocurrency,2025-01-21,859.34
491,209,933,PayPal,2024-06-25,859.34
492,605,643,Cryptocurrency,2024-06-03,859.34
493,94,329,Credit Card,2024-02-14,859.34
494,327,122,PayPal,2024-09-04,859.34
495,225,41,Credit Card,2025-03-13,859.34
496,967,167,Bank Transfer,2024-06-23,859.34
497,890,922,Cryptocurrency,2023-12-25,859.34
498,792,642,Bank Transfer,2024-07-01,859.34
499,11,23,PayPal,2025-01-17,859.34
500,329,279,Credit Card,2025-03-08,859.34
501,12,763,PayPal,2024-01-25,859.34
502,35,469,Bank Transfer,2024-10-17,859.34
503,447,400,Cryptocurrency,2024-11-13,859.34
504,452,9,Cryptocurrency,2024-05-07,859.34
505,740,13,PayPal,2024-09-05,859.34
506,220,924,PayPal,2024-07-31,859.34
507,441,923,Credit Card,2024-01-21,859.34
508,653,819,Bank Transfer,2023-09-02,859.34
509,535,832,PayPal,2023-10-12,859.34
510,595,52,Credit Card,2024-04-17,859.34
511,229,209,PayPal,2023-07-30,859.34
512,935,550,Cryptocurrency,2023-06-17,859.34
513,344,612,Credit Card,2024-07-03,859.34
514,80,705,Credit Card,2025-03-08,859.34
515,353,402,PayPal,2025-03-19,859.34
516,396,191,Bank Transfer,2025-03-16,859.34
517,290,51,Cryptocurrency,2024-03-08,859.34
518,455,393,Bank Transfer,2024-01-14,859.34
519,843,653,Credit Card,2024-07-15,859.34
520,671,680,Bank Transfer,2025-01-11,859.34
521,989,823,Credit Card,2024-06-30,859.34
522,128,621,Bank Transfer,2024-10-14,859.34
523,702,719,PayPal,2024-01-24,859.34
524,909,939,Bank Transfer,2024-09-14,859.34
525,543,300,Credit Card,2024-04-21,859.34
526,898,622,Cryptocurrency,2024-04-12,859.34
527,359,196,Cryptocurrency,2024-11-26,859.34
528,527,417,Cryptocurrency,2024-06-26,859.34
529,313,664,Credit Card,2023-11-07,859.34
530,75,420,Bank Transfer,2025-03-09,859.34
531,546,755,Cryptocurrency,2024-10-26,859.34
532,871,640,Cryptocurrency,2025-02-07,859.34
533,196,617,Cryptocurrency,2024-08-29,859.34
534,843,522,PayPal,2024-08-21,859.34
535,29,356,Credit Card,2025-02-15,859.34
536,706,148,Credit Card,2024-06-16,859.34
537,16,365,Credit Card,2023-06-24,859.34
538,423,364,Credit Card,2023-09-17,859.34
539,589,971,Credit Card,2025-03-12,859.34
540,805,652,PayPal,2024-04-26,859.34
541,593,702,Bank Transfer,2023-11-02,859.34
542,405,402,PayPal,2024-04-24,859.34
543,940,606,Cryptocurrency,2025-02-19,859.34
544,636,492,PayPal,2024-12-15,859.34
545,531,229,Credit Card,2024-06-15,859.34
546,967,575,PayPal,2024-02-23,859.34
547,614,852,Credit Card,2025-03-06,859.34
548,904,537,PayPal,2023-05-05,859.34
549,77,268,Credit Card,2024-09-12,859.34
550,229,405,Cryptocurrency,2024-06-21,859.34
551,962,793,Credit Card,2023-05-18,859.34
552,297,11,PayPal,2024-01-24,859.34
553,510,320,Cryptocurrency,2023-12-20,859.34
554,715,713,PayPal,2023-09-17,859.34
555,984,126,Cryptocurrency,2023-09-14,859.34
556,966,306,Bank Transfer,2024-10-15,859.34
557,573,702,Bank Transfer,2025-01-26,859.34
558,538,511,Bank Transfer,2024-04-15,859.34
559,583,89,PayPal,2024-09-05,859.34
560,615,355,PayPal,2024-12-09,859.34
561,979,628,Cryptocurrency,2024-03-14,859.34
562,326,352,Cryptocurrency,2023-10-26,859.34
563,363,689,Cryptocurrency,2024-12-12,859.34
564,669,14,Cryptocurrency,2023-07-18,859.34
565,875,257,Credit Card,2024-04-16,859.34
566,359,209,Bank Transfer,2024-04-04,859.34
567,706,281,Credit Card,2024-04-01,859.34
568,787,443,Credit Card,2023-10-31,859.34
569,324,840,Credit Card,2023-08-16,859.34
570,698,837,Credit Card,2024-07-30,859.34
571,326,389,Bank Transfer,2024-03-10,859.34
572,625,617,Credit Card,2023-05-19,859.34
573,825,483,Cryptocurrency,2024-04-05,859.34
574,165,147,PayPal,2024-11-03,859.34
575,573,279,Cryptocurrency,2023-11-20,859.34
576,604,521,PayPal,2023-12-18,859.34
577,798,630,Cryptocurrency,2023-06-09,859.34
578,455,606,Cryptocurrency,2025-03-19,859.34
579,969,434,PayPal,2024-11-28,859.34
580,153,144,Bank Transfer,2023-12-17,859.34
581,737,289,Credit Card,2025-02-26,859.34
582,127,386,Cryptocurrency,2023-08-06,859.34
583,193,14,Bank Transfer,2023-04-26,859.34
584,627,257,Credit Card,2023-05-06,859.34
585,774,346,Bank Transfer,2023-12-27,859.34
586,530,698,Bank Transfer,2024-09-17,859.34
587,10,345,Credit Card,2024-01-12,859.34
588,92,400,Cryptocurrency,2023-06-12,859.34
589,139,207,Bank Transfer,2024-12-07,859.34
590,481,858,Cryptocurrency,2024-10-27,859.34
591,449,943,Cryptocurrency,2024-05-30,859.34
592,333,172,Cryptocurrency,2023-10-10,859.34
593,869,464,Credit Card,2024-08-07,859.34
594,340,270,PayPal,2023-09-18,859.34
595,961,221,Cryptocurrency,2023-11-26,859.34
596,52,152,PayPal,2025-01-05,859.34
597,707,623,PayPal,2024-02-06,859.34
598,466,183,Bank Transfer,2024-03-18,859.34
599,718,399,Cryptocurrency,2024-02-07,859.34
600,799,851,Cryptocurrency,2024-09-23,859.34
601,475,72,Cryptocurrency,2023-10-26,859.34
602,401,418,PayPal,2023-06-04,859.34
603,439,898,Credit Card,2024-10-08,859.34
604,878,283,PayPal,2024-11-24,859.34
605,605,74,Cryptocurrency,2023-06-13,859.34
606,932,355,Cryptocurrency,2023-05-02,859.34
607,997,727,Cryptocurrency,2024-02-06,859.34
608,922,497,PayPal,2025-01-10,859.34
609,821,328,Cryptocurrency,2025-03-27,859.34
610,657,988,Bank Transfer,2024-11-08,859.34
611,598,535,Cryptocurrency,2024-09-18,859.34
612,509,580,Credit Card,2024-12-16,859.34
613,153,910,Bank Transfer,2024-01-13,859.34
614,514,447,Cryptocurrency,2024-08-26,859.34
615,503,373,Bank Transfer,2023-12-02,859.34
616,854,362,Cryptocurrency,2025-03-18,859.34
617,901,93,Credit Card,2024-12-14,859.34
618,772,321,Cryptocurrency,2024-02-11,859.34
619,676,324,Bank Transfer,2024-10-04,859.34
620,6,384,Credit Card,2023-05-24,859.34
621,500,575,PayPal,2023-08-15,859.34
622,661,736,Credit Card,2024-06-04,859.34
623,717,737,Credit Card,2023-09-24,859.34
624,118,881,Credit Card,2024-06-02,859.34
625,485,346,Bank Transfer,2023-09-30,859.34
626,601,849,Credit Card,2025-03-22,859.34
627,666,103,Cryptocurrency,2023-07-17,859.34
628,951,215,Credit Card,2024-03-17,859.34
629,679,192,Credit Card,2025-03-09,859.34
630,468,672,Cryptocurrency,2023-10-01,859.34
631,161,884,Cryptocurrency,2023-12-28,859.34
632,270,719,PayPal,2024-03-11,859.34
633,56,781,Credit Card,2025-03-04,859.34
634,228,194,Bank Transfer,2024-11-16,859.34
635,849,380,Credit Card,2023-10-06,859.34
636,149,403,Credit Card,2024-04-12,859.34
637,46,664,Cryptocurrency,2025-02-18,859.34
638,144,749,PayPal,2024-10-17,859.34
639,750,600,Credit Card,2025-01-15,859.34
640,784,11,Bank Transfer,2024-12-21,859.34
641,632,187,Credit Card,2024-07-13,859.34
642,340,726,Bank Transfer,2024-04-07,859.34
643,413,15,Cryptocurrency,2024-09-28,859.34
644,732,778,PayPal,2023-11-04,859.34
645,520,297,Credit Card,2024-11-22,859.34
646,344,411,PayPal,2025-03-02,859.34
647,387,956,Credit Card,2024-08-11,859.34
648,473,585,Bank Transfer,2024-06-07,859.34
649,275,52,PayPal,2023-04-23,859.34
650,353,640,Credit Card,2024-06-18,859.34
651,66,28,Cryptocurrency,2025-03-01,859.34
652,79,577,Bank Transfer,2024-10-16,859.34
653,598,17,PayPal,2024-08-26,859.34
654,636,351,Credit Card,2024-05-12,859.34
655,202,428,PayPal,2024-05-19,859.34
656,978,650,Credit Card,2023-09-22,859.34
657,662,831,Bank Transfer,2023-09-19,859.34
658,558,229,Cryptocurrency,2023-09-19,859.34
659,113,766,Bank Transfer,2024-02-07,859.34
660,91,989,PayPal,2024-05-19,859.34
661,141,210,PayPal,2024-08-14,859.34
662,289,431,Credit Card,2025-02-15,859.34
663,901,294,Bank Transfer,2024-11-12,859.34
664,730,743,Credit Card,2023-06-15,859.34
665,589,753,Bank Transfer,2023-05-17,859.34
666,411,582,PayPal,2023-07-30,859.34
667,377,104,Credit Card,2023-10-08,859.34
668,384,204,Credit Card,2024-06-10,859.34
669,846,53,Bank Transfer,2025-03-02,859.34
670,152,974,Cryptocurrency,2023-12-30,859.34
671,835,940,Bank Transfer,2025-02-24,859.34
672,751,375,Cryptocurrency,2023-08-02,859.34
673,627,842,Bank Transfer,2024-02-09,859.34
674,319,54,PayPal,2023-10-13,859.34
675,369,276,Credit Card,2024-08-31,859.34
676,606,335,Bank Transfer,2024-06-11,859.34
677,995,31,PayPal,2024-02-26,859.34
678,560,135,Bank Transfer,2024-10-24,859.34
679,703,58,Credit Card,2024-10-25,859.34
680,462,105,Bank Transfer,2023-06-06,859.34
681,12,266,Cryptocurrency,2024-04-29,859.34
682,156,522,Credit Card,2023-06-01,859.34
683,684,496,Cryptocurrency,2024-04-05,859.34
684,477,253,PayPal,2024-12-17,859.34
685,939,295,PayPal,2024-04-20,859.34
686,401,668,Bank Transfer,2024-08-01,859.34
687,808,158,Cryptocurrency,2023-06-09,859.34
688,177,549,Cryptocurrency,2024-06-30,859.34
689,341,631,Credit Card,2023-10-22,859.34
690,57,67,Cryptocurrency,2025-03-10,859.34
691,855,754,Cryptocurrency,2024-10-31,859.34
692,852,299,Credit Card,2024-07-04,859.34
693,448,463,Credit Card,2024-11-11,859.34
694,203,725,Cryptocurrency,2024-08-05,859.34
695,697,820,Bank Transfer,2024-07-17,859.34
696,633,101,Credit Card,2023-11-09,859.34
697,738,56,Credit Card,2023-04-10,859.34
698,202,332,Cryptocurrency,2024-08-05,859.34
699,330,836,Cryptocurrency,2024-09-14,859.34
700,363,751,Credit Card,2023-10-30,859.34
701,892,393,Cryptocurrency,2023-11-13,859.34
702,454,743,Credit Card,2024-03-11,859.34
703,356,874,Bank Transfer,2024-02-24,859.34
704,216,381,Bank Transfer,2024-10-28,859.34
705,972,92,Credit Card,2023-09-18,859.34
706,555,791,Credit Card,2024-02-17,859.34
707,887,447,PayPal,2024-09-24,859.34
708,23,109,PayPal,2024-09-12,859.34
709,155,317,Cryptocurrency,2024-12-16,859.34
710,186,168,Cryptocurrency,2024-10-11,859.34
711,249,812,Credit Card,2024-11-26,859.34
712,749,982,Credit Card,2024-08-11,859.34
713,805,920,PayPal,2025-03-21,859.34
714,134,435,PayPal,2023-04-24,859.34
715,321,442,Credit Card,2023-07-17,859.34
716,390,218,Bank Transfer,2023-10-23,859.34
717,434,222,Bank Transfer,2023-10-19,859.34
718,22,673,Cryptocurrency,2023-09-05,859.34
719,873,528,Credit Card,2023-08-16,859.34
720,600,278,Credit Card,2024-06-04,859.34
721,665,569,Cryptocurrency,2025-01-23,859.34
722,125,574,PayPal,2024-07-25,859.34
723,79,875,PayPal,2024-04-05,859.34
724,858,466,Bank Transfer,2024-03-29,859.34
725,968,839,Credit Card,2024-10-29,859.34
726,51,754,PayPal,2024-01-10,859.34
727,728,602,Bank Transfer,2024-06-04,859.34
728,176,584,Bank Transfer,2024-12-13,859.34
729,870,838,Bank Transfer,2023-04-22,859.34
730,253,30,PayPal,2024-10-19,859.34
731,966,359,PayPal,2024-11-05,859.34
732,246,919,Credit Card,2023-12-02,859.34
733,739,288,Credit Card,2024-11-18,859.34
734,106,86,Bank Transfer,2024-04-13,859.34
735,193,234,Bank Transfer,2024-08-30,859.34
736,316,747,PayPal,2023-05-18,859.34
737,302,313,PayPal,2023-11-04,859.34
738,548,365,Credit Card,2024-02-16,859.34
739,954,777,Credit Card,2024-03-01,859.34
740,716,799,Cryptocurrency,2025-03-18,859.34
741,934,839,Credit Card,2024-10-22,859.34
742,779,905,PayPal,2024-03-06,859.34
743,268,269,Bank Transfer,2023-11-07,859.34
744,170,698,Cryptocurrency,2024-07-07,859.34
745,551,131,Credit Card,2023-09-28,859.34
746,455,803,Credit Card,2024-12-07,859.34
747,651,993,PayPal,2023-10-16,859.34
748,292,789,Cryptocurrency,2024-02-02,859.34
749,564,832,Credit Card,2023-08-11,859.34
750,799,351,Bank Transfer,2023-06-30,859.34
751,801,180,PayPal,2024-06-19,859.34
752,141,802,Cryptocurrency,2023-07-27,859.34
753,146,480,Credit Card,2024-11-24,859.34
754,425,889,Credit Card,2023-06-24,859.34
755,314,163,Cryptocurrency,2023-08-28,859.34
756,184,783,PayPal,2024-03-28,859.34
757,664,888,Cryptocurrency,2024-02-12,859.34
758,713,96,Cryptocurrency,2023-06-30,859.34
759,128,774,PayPal,2023-07-30,859.34
760,287,510,Credit Card,2024-10-21,859.34
761,823,365,Bank Transfer,2024-08-28,859.34
762,253,981,PayPal,2023-07-18,859.34
763,778,353,Bank Transfer,2023-08-19,859.34
764,700,800,Credit Card,2024-06-09,859.34
765,386,436,Cryptocurrency,2024-10-27,859.34
766,230,83,Bank Transfer,2024-11-30,859.34
767,271,225,Credit Card,2024-12-21,859.34
768,771,412,Credit Card,2025-02-17,859.34
769,811,735,Cryptocurrency,2024-01-24,859.34
770,415,981,Cryptocurrency,2023-05-30,859.34
771,198,118,Credit Card,2024-12-10,859.34
772,323,482,Credit Card,2023-05-23,859.34
773,56,192,Bank Transfer,2023-11-04,859.34
774,831,591,Credit Card,2023-11-18,859.34
775,203,590,Credit Card,2024-09-04,859.34
776,783,659,Bank Transfer,2024-11-29,859.34
777,621,107,PayPal,2024-02-16,859.34
778,628,382,Bank Transfer,2024-11-14,859.34
779,604,783,Bank Transfer,2023-10-17,859.34
780,138,390,Cryptocurrency,2023-05-23,859.34
781,422,244,Bank Transfer,2024-10-25,859.34
782,815,585,Credit Card,2025-03-06,859.34
783,57,869,Credit Card,2024-04-30,859.34
784,562,468,Credit Card,2024-04-07,859.34
785,71,866,PayPal,2023-12-29,859.34
786,911,934,Credit Card,2023-04-20,859.34
787,914,538,PayPal,2024-12-24,859.34
788,594,210,Credit Card,2024-09-14,859.34
789,372,604,Bank Transfer,2023-09-07,859.34
790,617,637,Cryptocurrency,2025-02-08,859.34
791,600,947,Credit Card,2023-06-02,859.34
792,514,73,PayPal,2025-01-08,859.34
793,872,992,PayPal,2023-11-20,859.34
794,84,635,Cryptocurrency,2025-02-03,859.34
795,994,309,Credit Card,2023-12-27,859.34
796,43,696,Bank Transfer,2023-09-23,859.34
797,666,699,Credit Card,2024-09-07,859.34
798,839,710,Credit Card,2024-07-01,859.34
799,934,590,Cryptocurrency,2024-05-28,859.34
800,606,860,Credit Card,2025-01-21,859.34
801,810,186,Bank Transfer,2024-05-20,859.34
802,133,856,PayPal,2023-05-27,859.34
803,395,253,Cryptocurrency,2024-10-16,859.34
804,65,13,Bank Transfer,2023-10-18,859.34
805,290,299,PayPal,2024-11-21,859.34
806,376,76,Cryptocurrency,2024-09-12,859.34
807,769,51,Cryptocurrency,2024-04-01,859.34
808,467,787,PayPal,2024-11-24,859.34
809,898,149,PayPal,2025-01-12,859.34
810,213,731,Bank Transfer,2023-09-20,859.34
811,148,122,Credit Card,2025-01-23,859.34
812,573,211,Credit Card,2023-05-23,859.34
813,471,280,Credit Card,2024-07-25,859.34
814,149,538,Credit Card,2025-03-26,859.34
815,88,685,Credit Card,2023-12-14,859.34
816,324,156,Bank Transfer,2023-07-26,859.34
817,895,238,Cryptocurrency,2024-04-18,859.34
818,396,376,Bank Transfer,2024-04-25,859.34
819,790,82,Bank Transfer,2024-09-02,859.34
820,404,492,Bank Transfer,2023-06-13,859.34
821,82,356,Cryptocurrency,2023-08-02,859.34
822,641,925,Bank Transfer,2023-10-21,859.34
823,286,273,Bank Transfer,2024-08-22,859.34
824,382,580,Cryptocurrency,2023-05-18,859.34
825,865,44,Bank Transfer,2023-05-03,859.34
826,792,573,Credit Card,2023-04-08,859.34
827,270,123,PayPal,2024-08-06,859.34
828,292,349,Bank Transfer,2024-12-20,859.34
829,453,708,PayPal,2023-04-22,859.34
830,715,330,Bank Transfer,2024-03-20,859.34
831,24,409,Bank Transfer,2024-09-04,859.34
832,956,991,Credit Card,2025-01-06,859.34
833,863,323,Cryptocurrency,2023-04-19,859.34
834,311,111,PayPal,2025-01-04,859.34
835,461,770,Cryptocurrency,2023-04-21,859.34
836,208,89,Credit Card,2024-08-05,859.34
837,792,433,Credit Card,2024-03-30,859.34
838,717,710,PayPal,2025-01-09,859.34
839,664,794,Cryptocurrency,2025-01-07,859.34
840,438,712,Credit Card,2023-06-19,859.34
841,538,99,Bank Transfer,2024-07-20,859.34
842,706,539,Bank Transfer,2025-03-08,859.34
843,336,601,Bank Transfer,2024-09-23,859.34
844,422,146,Cryptocurrency,2023-10-11,859.34
845,750,694,Bank Transfer,2024-08-12,859.34
846,321,257,Bank Transfer,2024-12-03,859.34
847,497,189,Credit Card,2024-07-10,859.34
848,587,240,Credit Card,2023-08-14,859.34
849,947,871,Bank Transfer,2024-05-04,859.34
850,163,899,Bank Transfer,2024-08-02,859.34
851,811,503,Credit Card,2024-03-27,859.34
852,541,708,PayPal,2024-07-17,859.34
853,165,809,Cryptocurrency,2024-11-07,859.34
854,849,677,Cryptocurrency,2023-09-26,859.34
855,698,819,Credit Card,2023-04-22,859.34
856,566,271,Cryptocurrency,2025-01-09,859.34
857,295,520,Credit Card,2024-09-26,859.34
858,42,550,Credit Card,2024-10-15,859.34
859,924,114,Credit Card,2024-12-29,859.34
860,285,339,Credit Card,2023-08-12,859.34
861,939,568,PayPal,2024-02-06,859.34
862,387,943,Bank Transfer,2024-09-07,859.34
863,138,986,Bank Transfer,2025-01-28,859.34
864,187,359,PayPal,2023-09-15,859.34
865,910,650,Cryptocurrency,2024-07-26,859.34
866,716,614,Cryptocurrency,2023-10-05,859.34
867,431,334,Bank Transfer,2024-01-31,859.34
868,554,689,Cryptocurrency,2023-11-07,859.34
869,862,169,Bank Transfer,2024-10-25,859.34
870,416,339,Bank Transfer,2024-07-03,859.34
871,800,798,PayPal,2023-07-25,859.34
872,426,261,Cryptocurrency,2023-05-08,859.34
873,416,887,PayPal,2023-11-27,859.34
874,26,735,Bank Transfer,2023-07-12,859.34
875,371,199,Bank Transfer,2024-11-11,859.34
876,385,211,Bank Transfer,2024-07-29,859.34
877,56,287,Credit Card,2025-02-21,859.34
878,253,692,Credit Card,2023-10-09,859.34
879,634,762,Credit Card,2025-02-13,859.34
880,106,743,PayPal,2024-07-16,859.34
881,130,472,Bank Transfer,2024-06-15,859.34
882,849,482,Cryptocurrency,2024-10-07,859.34
883,670,23,PayPal,2024-03-15,859.34
884,376,560,PayPal,2025-02-17,859.34
885,743,109,PayPal,2024-10-24,859.34
886,967,296,Cryptocurrency,2023-07-16,859.34
887,308,6,Bank Transfer,2023-09-14,859.34
888,91,550,Credit Card,2024-10-01,859.34
889,393,681,Bank Transfer,2024-07-20,859.34
890,534,868,Bank Transfer,2023-09-20,859.34
891,802,795,PayPal,2023-10-23,859.34
892,110,203,PayPal,2024-08-27,859.34
893,561,325,PayPal,2024-05-18,859.34
894,641,825,Credit Card,2023-06-05,859.34
895,585,785,Credit Card,2023-05-08,859.34
896,340,244,Credit Card,2023-09-26,859.34
897,565,327,Bank Transfer,2024-01-05,859.34
898,979,987,PayPal,2023-12-12,859.34
899,356,47,Cryptocurrency,2023-06-09,859.34
900,892,761,Bank Transfer,2024-12-11,859.34
901,168,591,Credit Card,2024-08-19,859.34
902,557,622,Cryptocurrency,2025-01-01,859.34
903,452,13,Cryptocurrency,2024-10-20,859.34
904,905,907,PayPal,2024-10-14,859.34
905,105,380,Cryptocurrency,2023-12-06,859.34
906,150,365,Credit Card,2023-11-20,859.34
907,146,602,PayPal,2023-10-10,859.34
908,716,342,Cryptocurrency,2024-08-30,859.34
909,874,860,PayPal,2024-04-23,859.34
910,299,792,Cryptocurrency,2025-03-24,859.34
911,167,221,Bank Transfer,2024-05-17,859.34
912,713,73,Bank Transfer,2025-03-22,859.34
913,646,746,Credit Card,2024-05-17,859.34
914,723,772,Bank Transfer,2024-03-17,859.34
915,48,625,Bank Transfer,2024-01-24,859.34
916,638,46,Bank Transfer,2023-06-16,859.34
917,239,504,Cryptocurrency,2024-05-03,859.34
918,7,274,Cryptocurrency,2024-11-17,859.34
919,464,555,PayPal,2023-04-30,859.34
920,453,208,Cryptocurrency,2024-12-06,859.34
921,784,929,Bank Transfer,2023-11-14,859.34
922,897,861,Cryptocurrency,2023-10-31,859.34
923,371,615,Credit Card,2024-11-09,859.34
924,549,124,PayPal,2023-12-07,859.34
925,487,10,PayPal,2024-08-06,859.34
926,211,329,Cryptocurrency,2024-10-29,859.34
927,165,187,Bank Transfer,2024-08-09,859.34
928,125,543,PayPal,2023-09-26,859.34
929,337,668,Credit Card,2023-07-26,859.34
930,192,60,Credit Card,2024-07-13,859.34
931,730,761,PayPal,2023-12-06,859.34
932,214,899,Bank Transfer,2024-11-16,859.34
933,574,886,Bank Transfer,2023-10-22,859.34
934,328,951,Cryptocurrency,2024-06-13,859.34
935,957,782,Cryptocurrency,2024-09-12,859.34
936,381,442,PayPal,2023-07-12,859.34
937,673,217,Cryptocurrency,2024-02-15,859.34
938,578,911,Cryptocurrency,2024-02-15,859.34
939,798,2,Cryptocurrency,2024-07-28,859.34
940,239,536,Credit Card,2024-11-02,859.34
941,532,718,Cryptocurrency,2024-03-20,859.34
942,700,832,PayPal,2024-07-25,859.34
943,82,711,Bank Transfer,2024-12-10,859.34
944,363,356,Cryptocurrency,2024-12-28,859.34
945,505,626,Bank Transfer,2023-11-26,859.34
946,202,792,Cryptocurrency,2024-08-23,859.34
947,920,667,PayPal,2025-01-28,859.34
948,504,165,Credit Card,2024-07-26,859.34
949,644,998,PayPal,2025-01-31,859.34
950,37,734,Credit Card,2023-11-06,859.34
951,644,91,Cryptocurrency,2025-02-22,859.34
952,589,167,Cryptocurrency,2023-09-25,859.34
953,601,959,Credit Card,2023-10-29,859.34
954,973,207,PayPal,2023-05-08,859.34
955,402,282,PayPal,2024-11-08,859.34
956,765,65,Credit Card,2024-05-08,859.34
957,856,888,Cryptocurrency,2024-04-22,859.34
958,706,516,Credit Card,2024-01-21,859.34
959,176,157,Cryptocurrency,2023-11-17,859.34
960,545,761,Credit Card,2024-08-06,859.34
961,570,769,Cryptocurrency,2024-01-21,859.34
962,467,747,Credit Card,2024-10-17,859.34
963,201,306,Bank Transfer,2023-08-18,859.34
964,540,878,Cryptocurrency,2024-07-29,859.34
965,547,982,PayPal,2024-12-05,859.34
966,999,395,Credit Card,2024-05-17,859.34
967,637,74,PayPal,2024-06-25,859.34
968,394,187,Credit Card,2025-04-01,859.34
969,833,574,PayPal,2025-03-17,859.34
970,42,337,PayPal,2023-07-02,859.34
971,597,676,Credit Card,2023-11-09,859.34
972,393,568,Credit Card,2023-11-23,859.34
973,700,623,PayPal,2024-11-23,859.34
974,623,730,PayPal,2024-03-31,859.34
975,783,240,PayPal,2024-03-27,859.34
976,995,533,Cryptocurrency,2023-10-26,859.34
977,441,141,Cryptocurrency,2024-09-17,859.34
978,837,265,Bank Transfer,2024-10-02,859.34
979,617,139,Cryptocurrency,2024-07-23,859.34
980,506,459,Cryptocurrency,2024-12-12,859.34
981,918,70,Credit Card,2023-04-17,859.34
982,320,385,Bank Transfer,2023-06-28,859.34
983,553,630,Bank Transfer,2024-12-19,859.34
984,215,198,Cryptocurrency,2023-07-27,859.34
985,71,205,Credit Card,2024-08-12,859.34
986,568,726,Credit Card,2023-11-02,859.34
987,919,568,Bank Transfer,2023-06-14,859.34
988,236,799,Credit Card,2023-08-01,859.34
989,281,982,PayPal,2024-09-13,859.34
990,987,805,Cryptocurrency,2024-10-12,859.34
991,617,687,PayPal,2023-11-25,859.34
992,902,859,Bank Transfer,2023-05-06,859.34
993,887,882,Bank Transfer,2023-04-24,859.34
994,162,974,Credit Card,2024-12-18,859.34
995,191,640,Credit Card,2024-12-01,859.34
996,9,431,Bank Transfer,2024-12-24,859.34
997,60,890,Bank Transfer,2023-08-17,859.34
998,893,325,PayPal,2023-05-14,859.34
999,817,442,PayPal,2024-10-12,859.34
1000,225,804,Credit Card,2023-12-08,859.34
